"brand","product_name_input","row_id","created_at","product_result","failure_stage","expected_cause","error_reason","search_form_reason","search_form_available","search_form_confirmed_url","product_list_count","detail_url_count","non_detail_url_count","non_detail_url_example"
"3M","쓰리엠 테가덤 필름 1626W,10 x 12 cm,10 x 12 cm,50개입,50개입,1개,1개","dd689fcb-c915-467b-88b3-a15604245587","2026-02-12 13:33:44.798861+00","failed_no_product_list","search_form_detection","검색폼 또는 검색 결과 URL 확정 실패","search_form_not_confirmed","","","","0","0","0",""
"Acer","에이서 2025 프레데터 헬리오스 네오 16S AI 코어Ultra9 인텔 14세대 지포스 RTX 5070,블랙,블랙,PHN16S-71-97L7,PHN16S-71-97L7,1TB,1TB,32GB,Free DOS,Free DOS","0d2d8861-9045-42ae-979e-ba087b4c4aa5","2026-02-12 11:19:43.785346+00","failed_no_product_list","search_form_detection","검색폼 또는 검색 결과 URL 확정 실패","search_form_not_confirmed","","false","","0","0","0",""
"Acer","에이서 2025 프레데터 헬리오스 네오 18 AI 게이밍노트북 인텔 Ultra 9 275HX,블랙,블랙,PHN18-72-91UN,PHN18-72-91UN,1TB,1TB,32GB,32GB,WIN11 Home,WIN11 Home","647fd3c3-e711-40f5-9517-fb04f521d8a0","2026-02-12 13:16:22.864908+00","failed_no_product_list","search_form_detection","검색폼 또는 검색 결과 URL 확정 실패","search_form_not_confirmed","","false","","0","0","0",""
"Acer","에이서 2025 아스파이어 라이트 16 코어i7 인텔 13세대,실버,실버,512GB,512GB,16GB,16GB,Free DOS,Free DOS,AL16-52P-7164,AL16-52P-7164","cf3040f3-53c6-4ee6-8989-a939ceea3a2d","2026-02-12 14:28:36.429633+00","failed_no_product_list","search_form_detection","검색폼 또는 검색 결과 URL 확정 실패","search_form_not_confirmed","","false","","0","0","0",""
"Alpecin","알페신 카페인 샴푸 C1 1250ml","e5e21145-6aea-4ffd-a98e-85f9fff3041e","2026-02-12 13:33:08.630583+00","failed_no_product_list","search_form_detection","검색폼 또는 검색 결과 URL 확정 실패","search_form_not_confirmed","","","","0","0","0",""
"Amazfit","어메이즈핏 스마트워치 T-REX 3,GPS + 블루투스,GPS + 블루투스,3.81cm,3.81cm,Onyx,Onyx","020adca6-6f2e-4823-8d67-5620217dd8b1","2026-02-12 10:52:43.455284+00","success_detail_urls","","정상 수집","ok","","true","https://us.amazfit.com/search?q=Smartwatch","10","10","0",""
"Amazfit","어메이즈핏 Bip 6 (정품)","b4cbf667-099b-4e63-9bf8-c0def1703001","2026-02-12 12:41:25.446177+00","partial_success_bad_urls","url_mapping_stage","상품명/가격 파싱은 되었으나 URL이 검색/카테고리/섹션 링크로 매핑됨","ok","","true","https://amazfit.kr/product/search.html?keyword=Bip+6","1","0","1","https://amazfit.kr/product/%EC%96%B4%EB%A9%94%EC%9D%B4%EC%A6%88%ED%95%8F-%EB%B9%956-46mm-gps-%EC%8A%A4%EB%A7%88%ED%8A%B8%EC%9B%8C%EC%B9%98-%EB%B8%94%EB%9E%99%EC%B0%A8%EC%BD%9C%EB%9D%BC%EC%9D%B4%ED%8A%B8%EA%B7%B8%EB%A0%88%EC%9D%B4-bip6/50/category/57/display/1/"
"AMT","AMT 샤프 28cm 파티웍 316Ti 스텐 통5중","d1b46f3f-8746-41d9-b43c-3b1a40f8edc7","2026-02-12 10:59:28.490531+00","failed_no_product_list","search_form_detection","검색폼 또는 검색 결과 URL 확정 실패","search_form_not_confirmed","","","","0","0","0",""
"AMT","AMT 샤프 32cm 파티웍 316Ti 스텐 통5중","9d33a323-fadb-4caf-85d6-2316f22a43f4","2026-02-12 12:03:14.570959+00","failed_no_product_list","search_form_detection","검색폼 또는 검색 결과 URL 확정 실패","search_form_not_confirmed","","","","0","0","0",""
"AMT","AMT 샤프 통5중 316Ti 스텐 멀티쿠커 인덕션 냄비 22cm","9530443d-16e6-4d43-8a71-186ca779f597","2026-02-12 12:45:19.05347+00","failed_no_product_list","search_form_detection","검색폼 또는 검색 결과 URL 확정 실패","search_form_not_confirmed","","","","0","0","0",""
"AMT","AMT 샤프 18cm 스마트쿡 편수 냄비 316Ti 스텐 통5중","39393e6d-b04d-4bd9-ae56-9530d74c3032","2026-02-12 13:23:46.189423+00","failed_no_product_list","search_form_detection","검색폼 또는 검색 결과 URL 확정 실패","search_form_not_confirmed","","","","0","0","0",""
"AMT","AMT 샤프 24cm 양수웍 316Ti 스텐 통5중","d9dcea3f-1208-496e-8af6-44e8032e1114","2026-02-12 13:58:46.199116+00","failed_no_product_list","search_form_detection","검색폼 또는 검색 결과 URL 확정 실패","search_form_not_confirmed","","","","0","0","0",""
"AMT","AMT 샤프 22cm 양수웍 316Ti 스텐 통5중","b94fe42a-8d3f-4d67-ad76-84b537b239ef","2026-02-12 14:11:23.978168+00","failed_no_product_list","search_form_detection","검색폼 또는 검색 결과 URL 확정 실패","search_form_not_confirmed","","","","0","0","0",""
"Arm & Hammer","암앤해머 베이킹소다,6.12kg,6.12kg,1개,1개","11dc0916-c77e-4368-95b4-5a7d717d0f45","2026-02-12 13:32:41.911558+00","failed_no_product_list","search_form_detection","검색폼 또는 검색 결과 URL 확정 실패","search_form_not_confirmed","","","","0","0","0",""
"Artemide","공식수입사_톨로메오 메가 장스탠드 플로어조명 크림(무상설치,국내A/S) 42cm","c116ec99-4876-437b-b2c7-8f3485d809df","2026-02-12 11:08:45.941892+00","failed_no_product_list","search_form_detection","검색폼 또는 검색 결과 URL 확정 실패","search_form_not_confirmed","","","","0","0","0",""
"Artemide","공식수입사_톨로메오 메가 장스탠드 플로어조명 크림(무상설치,국내A/S) 36cm","0098b3f3-b6da-4b96-9f24-1b428fd2dddd","2026-02-12 13:51:15.14272+00","failed_no_product_list","search_form_detection","검색폼 또는 검색 결과 URL 확정 실패","search_form_not_confirmed","","","","0","0","0",""
"Astonish","[본사] 아스토니쉬 기름때 제거제 750ml 1+1 후드 가스렌지 전자렌지 인덕션 오븐 주방 찌든때","4ce02e71-5637-4a0a-b5a3-c445b78f752a","2026-02-12 14:34:51.656782+00","failed_no_product_list","parse_after_confirmed_url","확정 URL까지는 갔지만 페이지 구조/결과 상태(0건 포함)로 상품 리스트 추출 실패","no_products_after_parse","all_probe_failed","false","https://astonishkorea.com/product/search.html?search_detail_type=Grease+Remover","0","0","0",""
"ASUS","에이수스 2025 TUF 게이밍 F16 코어i7 인텔 14세대 지포스 RTX 5060,예거 그레이,예거 그레이,512GB,512GB,16GB,Free DOS,Free DOS,FX608JMR-QT040,FX608JMR-QT040","01c51f7b-abd5-4740-bdeb-b4a1c48ad011","2026-02-12 11:21:52.259908+00","failed_no_product_list","parse_after_confirmed_url","확정 URL까지는 갔지만 페이지 구조/결과 상태(0건 포함)로 상품 리스트 추출 실패","no_products_after_parse","input_not_found","false","https://www.asus.com/kr/","0","0","0",""
"ASUS","ASUS TUF Gaming A18 FA808UP-S8017 (SSD 512GB)","f17a925f-2f1d-4bf4-a9d0-cc791d1c817c","2026-02-12 11:25:26.766095+00","failed_no_product_list","parse_after_confirmed_url","확정 URL까지는 갔지만 페이지 구조/결과 상태(0건 포함)로 상품 리스트 추출 실패","no_products_after_parse","input_not_found","false","https://kr.store.asus.com/","0","0","0",""
"ASUS","에이수스 2025 ROG 제피러스 G14 라이젠9 지포스 RTX 5060,이클립스 그레이,이클립스 그레이,1TB,1TB,32GB,WIN11 Home,WIN11 Home,GA403UM-QS018W,GA403UM-QS018W","5deab7ae-f4ec-4b88-af8e-15a22877794c","2026-02-12 12:46:24.891886+00","failed_no_product_list","parse_after_confirmed_url","확정 URL까지는 갔지만 페이지 구조/결과 상태(0건 포함)로 상품 리스트 추출 실패","no_products_after_parse","input_not_found","false","https://rog.asus.com/kr/","0","0","0",""
"ASUS","에이수스 2025 비보북 16 라이젠 AI 라이젠 AI 300 시리즈,쿨 실버,쿨 실버,512GB,512GB,16GB,16GB,WIN11 Home,WIN11 Home,M1607KA-MB175W,M1607KA-MB175W","dbb3b73e-ce25-4c54-bd09-b760f8249bae","2026-02-12 14:12:01.410384+00","failed_no_product_list","parse_after_confirmed_url","확정 URL까지는 갔지만 페이지 구조/결과 상태(0건 포함)로 상품 리스트 추출 실패","no_products_after_parse","input_not_found","false","https://kr.store.asus.com/","0","0","0",""
"ASUS","에이수스 2025 비보북 S 16 라이젠 AI 라이젠 AI 300 시리즈,매트 그레이,매트 그레이,512GB,512GB,16GB,16GB,WIN11 Home,WIN11 Home,M3607KA-SH035W,M3607KA-SH035W","7d4d7d4f-7120-496b-b5f8-26ee2dca7e16","2026-02-12 14:22:54.063566+00","failed_no_product_list","parse_after_confirmed_url","확정 URL까지는 갔지만 페이지 구조/결과 상태(0건 포함)로 상품 리스트 추출 실패","no_products_after_parse","input_not_found","false","https://www.asus.com/kr/","0","0","0",""
"Avène","[아벤느] 오 떼르말 300ml x 2개 + 50ml 증정오 떼르말 300mlx2+50ml","1f59ae7c-3007-4aad-b1ab-430cc51cdb72","2026-02-12 12:43:48.808628+00","failed_no_product_list","search_form_detection","검색폼 또는 검색 결과 URL 확정 실패","search_form_not_confirmed","","","","0","0","0",""
"Bandai","MGSD 건담 에어리얼","47938910-4d3b-45ea-bfae-6f271d49b5a5","2026-02-12 14:03:29.859627+00","success_detail_urls","","정상 수집","ok","input_not_found","false","https://brand.naver.com/bandai","10","10","0",""
"Bandai","메탈빌드 제타 건담","83c91cb6-8fd0-4a6f-9a0c-eb5b7dcddfbe","2026-02-12 14:41:40.787743+00","success_detail_urls","","정상 수집","ok","input_not_found","false","https://brand.naver.com/bandai","10","10","0",""
"Belkin","벨킨 부스트업 USB C타입 고속 충전케이블,1m,화이트,화이트","8c94372b-29c5-461a-912f-8008bcdfbb3a","2026-02-12 11:49:08.327365+00","failed_no_product_list","parse_after_confirmed_url","확정 URL까지는 갔지만 페이지 구조/결과 상태(0건 포함)로 상품 리스트 추출 실패","no_products_after_parse","","true","https://www.belkin.com/kr/search/?q=%EC%B6%A9%EC%A0%84%EC%BC%80%EC%9D%B4%EB%B8%94","0","0","0",""
"Belkin","벨킨 Screen Force 템퍼드 글라스 강화유리 휴대폰 보호필름 세트,아이폰 16 Pro,아이폰 16 Pro,1세트,1세트","5f1e3d9e-01c4-4acb-bf09-dfa68875117c","2026-02-12 12:57:12.805174+00","failed_no_product_list","parse_after_confirmed_url","확정 URL까지는 갔지만 페이지 구조/결과 상태(0건 포함)로 상품 리스트 추출 실패","no_products_after_parse","","true","https://www.belkin.com/kr/search/?q=%EB%B3%B4%ED%98%B8%ED%95%84%EB%A6%84","0","0","0",""
"BenQ","벤큐 FHD 조위 게이밍 모니터,63cm,63cm,XL2540K(무결점),XL2540K(무결점)","316f5df8-e06c-4b07-bf77-d43c683cf1d1","2026-02-12 11:43:51.837502+00","failed_no_product_list","parse_after_confirmed_url","확정 URL까지는 갔지만 페이지 구조/결과 상태(0건 포함)로 상품 리스트 추출 실패","no_products_after_parse","input_not_found","false","https://zowie.benq.com/ko-kr/index.html","0","0","0",""
"Bioderma","바이오더마 센시비오 H2O 500ml(클렌징워터)","11d77e71-ebd3-4c7e-95f9-5b297178f861","2026-02-12 12:07:07.531005+00","partial_success_bad_urls","url_mapping_stage","상품명/가격 파싱은 되었으나 URL이 검색/카테고리/섹션 링크로 매핑됨","ok","","true","https://naosmall.kr/product/search.html?keyword=%ED%81%B4%EB%A0%8C%EC%A7%95%EC%9B%8C%ED%84%B0","10","0","10","https://naosmall.kr/product/search.html?keyword=%ED%81%B4%EB%A0%8C%EC%A7%95%EC%9B%8C%ED%84%B0"
"Bioderma","바이오더마 센시비오 H2O 250ml(클렌징워터)","0078d651-d85a-444c-8936-128a57785970","2026-02-12 13:14:45.500674+00","partial_success_bad_urls","url_mapping_stage","상품명/가격 파싱은 되었으나 URL이 검색/카테고리/섹션 링크로 매핑됨","ok","","true","https://naosmall.kr/product/search.html?keyword=%ED%81%B4%EB%A0%8C%EC%A7%95%EC%9B%8C%ED%84%B0","10","0","10","https://naosmall.kr/product/search.html?keyword=%ED%81%B4%EB%A0%8C%EC%A7%95%EC%9B%8C%ED%84%B0"
"Bioturm","[사전예약]비오텀 오리지널 클렌징밀크500ml 펌핑 + 사은품 45,000원 상당의 클렌징밀크 어드밴스드 or 수분크림(징크크림) 중 랜덤발송 ,7월말부터 순차발송","66a54ca7-9a0b-408b-bd09-fa6ac894abee","2026-02-12 12:30:22.851364+00","partial_success_bad_urls","url_mapping_stage","상품명/가격 파싱은 되었으나 URL이 검색/카테고리/섹션 링크로 매핑됨","ok","","true","https://bioturm.co.kr/product/search.html?keyword=%ED%81%B4%EB%A0%8C%EC%A7%95%EB%B0%80%ED%81%AC","3","0","3","https://bioturm.co.kr/product/%EB%B9%84%EC%98%A4%ED%85%80-%EC%98%A4%EB%A6%AC%EC%A7%80%EB%84%90-%ED%81%B4%EB%A0%8C%EC%A7%95%EB%B0%80%ED%81%AC500ml-%ED%8E%8C%ED%95%91-45000%EC%9B%90-%EC%83%81%EB%8B%B9-%ED%83%84%EB%A0%A5-%EC%88%98%EB%B6%84%ED%81%AC%EB%A6%BC-%EC%A6%9D%EC%A0%95/826/category/115/display/1/"
"Blistex","블리스텍스 립 메덱스 립밤 대용량팩 7g (12개입)","d3c73fe7-ed0e-40ee-b018-e3e77bd62251","2026-02-12 11:20:42.360553+00","partial_success_bad_urls","url_mapping_stage","상품명/가격 파싱은 되었으나 URL이 검색/카테고리/섹션 링크로 매핑됨","ok","input_not_found","false","https://www.blistex.kr/","10","0","10","https://www.blistex.kr/shop/item.php?it_id=1589161271"
"Bolloré","보이러 전기요 UB 34,화이트플라워,화이트플라워,1인용(80 x 150cm),1인용(80 x 150cm)","aecb37bc-4e2c-435b-8954-1b4db667f49c","2026-02-12 13:53:27.042743+00","failed_no_product_list","parse_after_confirmed_url","확정 URL까지는 갔지만 페이지 구조/결과 상태(0건 포함)로 상품 리스트 추출 실패","no_products_after_parse","input_not_found","false","https://beurer.kr/","0","0","0",""
"Boral","보랄 BR-F101DP","949e913c-bdbb-4604-8fbd-dac78744d311","2026-02-12 11:52:19.33975+00","failed_no_product_list","search_form_detection","검색폼 또는 검색 결과 URL 확정 실패","search_form_not_confirmed","","","","0","0","0",""
"Boral","보랄 더 데일리 BR-S300VC","5fb915f7-1156-484a-adaa-e1ec7b80b30c","2026-02-12 12:22:27.396311+00","failed_no_product_list","search_form_detection","검색폼 또는 검색 결과 URL 확정 실패","search_form_not_confirmed","","","","0","0","0",""
"Bosch","보쉬 3.6V 리튬이온 충전식 잔디깍기 ISIO 3,1세트,1세트","fb64f683-4ea5-45f1-bf8d-dc31dd9bae95","2026-02-12 11:53:28.21153+00","failed_no_product_list","search_form_detection","검색폼 또는 검색 결과 URL 확정 실패","search_form_not_confirmed","","","","0","0","0",""
"Bose","보스 QC 울트라 헤드폰,블랙,블랙,Bose QC Ultra Headphones,Bose QC Ultra Headphones","ef4b2f86-78b8-4442-8002-ce8a9229e77c","2026-02-12 11:24:42.693795+00","partial_success_bad_urls","url_mapping_stage","상품명/가격 파싱은 되었으나 URL이 검색/카테고리/섹션 링크로 매핑됨","ok","","true","https://www.bose.co.kr/search?keyword=%ED%97%A4%EB%93%9C%ED%8F%B0","10","0","10","https://www.bose.co.kr/search?keyword=%ED%97%A4%EB%93%9C%ED%8F%B0"
"Braun","BRAUN 시리즈 9 PRO 전기면도기 세트,9466cc,9466cc,크롬,크롬","92b2aa72-5620-4643-bf1b-44d46a9197ef","2026-02-12 12:38:01.897413+00","failed_no_product_list","parse_after_confirmed_url","확정 URL까지는 갔지만 페이지 구조/결과 상태(0건 포함)로 상품 리스트 추출 실패","no_products_after_parse","input_not_found","false","https://braun.kr/ko-kr","0","0","0",""
"Braun","BRAUN 시리즈 9 PRO 전기면도기 세트,9465cc,9465cc,그라파이트,그라파이트","2d92b826-0153-451d-be4b-ca18cc760190","2026-02-12 14:36:32.935605+00","failed_no_product_list","parse_after_confirmed_url","확정 URL까지는 갔지만 페이지 구조/결과 상태(0건 포함)로 상품 리스트 추출 실패","no_products_after_parse","input_not_found","false","https://braun.kr/ko-kr","0","0","0",""
"Brigen","브리젠 슈퍼프리미엄 저지방 다이어트 강아지사료 체중조절 치킨+포크, 11mm, 6kg","530ab067-009a-463f-be74-79d65cf16ce5","2026-02-12 14:01:47.853235+00","partial_success_bad_urls","url_mapping_stage","상품명/가격 파싱은 되었으나 URL이 검색/카테고리/섹션 링크로 매핑됨","ok","","true","https://kcll.co.kr/product/search.html?keyword=%EA%B0%95%EC%95%84%EC%A7%80%EC%82%AC%EB%A3%8C","8","0","8","https://kcll.co.kr/product/%EB%B8%8C%EB%A6%AC%EC%A0%A0-%EC%8A%88%ED%8D%BC-%ED%94%84%EB%A6%AC%EB%AF%B8%EC%97%84-%EC%96%B4%EB%8D%9C%ED%8A%B8-%EA%B0%95%EC%95%84%EC%A7%80%EC%82%AC%EB%A3%8C-6kg/473/category/124/display/1/"
"BRUNO","브루노 보이는 대용량 에어프라이어 6L,VFC-2103GR(그레이),VFC-2103GR(그레이),그레이,그레이","a36758a8-e7df-4ebe-8716-dabafa870fe8","2026-02-12 12:48:33.739714+00","failed_no_product_list","parse_after_confirmed_url","확정 URL까지는 갔지만 페이지 구조/결과 상태(0건 포함)로 상품 리스트 추출 실패","no_products_after_parse","input_not_found","false","https://brunokorea.com/","0","0","0",""
"BRUNO","브루노 보이는 대용량 에어프라이어 6L,VFC-2103BL(블랙),VFC-2103BL(블랙),블랙,블랙","59b06f36-7fa8-47bb-8353-4a12015cc602","2026-02-12 13:02:52.199556+00","failed_no_product_list","parse_after_confirmed_url","확정 URL까지는 갔지만 페이지 구조/결과 상태(0건 포함)로 상품 리스트 추출 실패","no_products_after_parse","input_not_found","false","https://brunokorea.com/","0","0","0",""
"Canon","캐논 무한 무선 잉크젯 복합기 G3910,G3910,G3910","b4d743c4-87bf-455c-b28e-286777190176","2026-02-12 11:05:55.393616+00","failed_no_product_list","parse_after_confirmed_url","확정 URL까지는 갔지만 페이지 구조/결과 상태(0건 포함)로 상품 리스트 추출 실패","no_products_after_parse","method_not_get","false","https://kr.canon/main","0","0","0",""
"Canon","캐논 셀피 인화지 일반용지 RP-108,4X6,4X6,108개,108개","9ad59170-3c09-4a64-9b95-482334bcc32f","2026-02-12 14:12:17.343273+00","failed_no_product_list","search_form_detection","검색폼 또는 검색 결과 URL 확정 실패","search_form_not_confirmed","","","","0","0","0",""
"Carna4","이지츄 피쉬 카르나4 독 오븐베이크 에어드라이 강아지사료 생선, 1kg, 1개","f55dcb28-16ca-4a6f-aaa0-e945b3c647d4","2026-02-12 13:46:29.634584+00","failed_no_product_list","search_form_detection","검색폼 또는 검색 결과 URL 확정 실패","search_form_not_confirmed","","","","0","0","0",""
"Carrier","캐리어 DAWC-0061YAWSD (자가설치)","0b853a86-f6e8-4f55-bf85-f43f4a02df64","2026-02-12 14:16:34.381557+00","failed_no_product_list","parse_after_confirmed_url","확정 URL까지는 갔지만 페이지 구조/결과 상태(0건 포함)로 상품 리스트 추출 실패","no_products_after_parse","input_not_found","false","https://www.carrier.co.kr/","0","0","0",""
"Celsius","셀시어스 오리지널 스파클링 후지애플 페어맛,325ml,325ml,24개,24개","2578ab3d-5884-415a-873c-4a3c9fd7fc96","2026-02-12 13:38:22.241526+00","partial_success_bad_urls","url_mapping_stage","상품명/가격 파싱은 되었으나 URL이 검색/카테고리/섹션 링크로 매핑됨","ok","","true","https://originsports.kr/search?keyword=%EC%8A%A4%ED%8C%8C%ED%81%B4%EB%A7%81","10","0","10","https://originsports.kr/search?keyword=%EC%8A%A4%ED%8C%8C%ED%81%B4%EB%A7%81"
"Cenovis","[슈퍼적립10%] 세노비스 키즈 어린이 수퍼바이오틱스 유산균 30포, 4개","6fbcc978-6e47-4bd6-a380-6c906d213e0b","2026-02-12 14:26:51.186829+00","failed_no_product_list","search_form_detection","검색폼 또는 검색 결과 URL 확정 실패","search_form_not_confirmed","","","","0","0","0",""
"Cenovis","세노비스 코엔자임 큐텐,60정,60정,1개,1개","76999324-39ad-43f7-b618-6608ccba04f7","2026-02-12 14:31:29.307741+00","failed_no_product_list","search_form_detection","검색폼 또는 검색 결과 URL 확정 실패","search_form_not_confirmed","","","","0","0","0",""
"Centrum","센트룸 포 우먼 멀티비타민,112정,112정,1개,1개","a45c3680-4822-47dc-888f-f8b8e0654d2f","2026-02-12 11:37:38.252857+00","failed_no_product_list","search_form_detection","검색폼 또는 검색 결과 URL 확정 실패","search_form_not_confirmed","","","","0","0","0",""
"Centrum","센트룸 우먼더블업 60정 x3개 180일분 (비타민 B군 2배 리뉴얼)","44cf420a-b0db-460c-8ebd-157c18623b0c","2026-02-12 12:18:39.354019+00","failed_no_product_list","search_form_detection","검색폼 또는 검색 결과 URL 확정 실패","search_form_not_confirmed","","","","0","0","0",""
"Centrum","센트룸 멀티비타민 실버 포우먼,112정,112정,1개,1개","3e53721e-4aa4-4de4-812d-af3616e8876d","2026-02-12 12:22:00.244004+00","failed_no_product_list","search_form_detection","검색폼 또는 검색 결과 URL 확정 실패","search_form_not_confirmed","","","","0","0","0",""
"Centrum","센트룸 맨더블업 60정 x3개 180일분 (비타민 B군 2배 리뉴얼)","38ceb3c3-aad8-4c7d-8368-01f0cd35904f","2026-02-12 12:34:03.523422+00","failed_no_product_list","search_form_detection","검색폼 또는 검색 결과 URL 확정 실패","search_form_not_confirmed","","","","0","0","0",""
"Centrum","[센트룸] 타마플렉스 올인원 관절·연골·근육 30정 3개입","86efe9c9-1b82-4559-80c8-f86fa14d9501","2026-02-12 14:30:34.612867+00","failed_no_product_list","search_form_detection","검색폼 또는 검색 결과 URL 확정 실패","search_form_not_confirmed","","","","0","0","0",""
"Cetaphil","세타필 모이스춰라이징 저자극 로션 473ml 2개(+여행용 미니 2개) +option+ 로션 473ml 2개","67fa6278-84a5-46b3-8a8e-c7606cf542f8","2026-02-12 11:16:36.397113+00","failed_no_product_list","search_form_detection","검색폼 또는 검색 결과 URL 확정 실패","search_form_not_confirmed","","","","0","0","0",""
"Cetaphil","[대용량] 세타필 모이스춰라이징 로션 1L 세타필 로션 1L 리뉴얼","c7694db0-235e-4494-85b0-e2b5e2baecc1","2026-02-12 13:29:56.031151+00","failed_no_product_list","parse_after_confirmed_url","확정 URL까지는 갔지만 페이지 구조/결과 상태(0건 포함)로 상품 리스트 추출 실패","no_products_after_parse","","true","https://www.cetaphil.co.kr/on/demandware.store/Sites-Galderma-KR-Site/ko_KR/Search-Show?q=%EB%AA%A8%EC%9D%B4%EC%8A%A4%EC%B6%B0%EB%9D%BC%EC%9D%B4%EC%A7%95+%EB%A1%9C%EC%85%98","0","0","0",""
"Chloé","[끌로에 공식] EDP 3종 기획 (EDP 100 mL+바디로션 100 mL+펜스프레이 10 mL)","e0ac7901-8ebe-490e-a754-45f886f25081","2026-02-12 12:33:05.740114+00","failed_no_product_list","parse_after_confirmed_url","확정 URL까지는 갔지만 페이지 구조/결과 상태(0건 포함)로 상품 리스트 추출 실패","no_products_after_parse","","true","https://kor.lottedfs.com/kr/search?comSearchWord=%EA%B8%B0%ED%9A%8D","0","0","0",""
"Cobra Golf","(코브라) 에어로젯 드라이버9도 (S)","889a4cb6-dedd-408d-84fd-5d47846d6d24","2026-02-12 13:05:23.768919+00","success_detail_urls","","정상 수집","ok","","true","https://www.cobragolf.com/ko-kr/search?q=%EB%93%9C%EB%9D%BC%EC%9D%B4%EB%B2%84","10","10","0",""
"Cobra Golf","(코브라) 에어로젯 드라이버10.5도 (S)","bec18a5c-aaf0-4701-8b49-0a9608ddf29d","2026-02-12 14:13:31.439681+00","failed_no_product_list","search_form_detection","검색폼 또는 검색 결과 URL 확정 실패","search_form_not_confirmed","","","","0","0","0",""
"Colgate","콜게이트 옵틱 화이트 엑스폴리에이팅 미네랄 치약,100g,100g,3개,3개","9b041af1-3468-4ea4-ac19-534cc30678e5","2026-02-12 12:46:56.804665+00","failed_no_product_list","search_form_detection","검색폼 또는 검색 결과 URL 확정 실패","search_form_not_confirmed","","","","0","0","0",""
"Colgate","콜게이트 토탈 차콜 딥 클린 치약,110g,110g,6개,6개","82af36c0-6694-4dcf-94b6-7600a9246324","2026-02-12 14:24:55.138157+00","failed_no_product_list","parse_after_confirmed_url","확정 URL까지는 갔지만 페이지 구조/결과 상태(0건 포함)로 상품 리스트 추출 실패","no_products_after_parse","input_not_found","false","https://shop.colgate.com/","0","0","0",""
"Del Monte","델몬트 오렌지100 주스,1.5L,1.5L,12개,12개","367f6d5d-5b93-426f-a292-034df4540932","2026-02-12 12:43:17.387989+00","failed_no_product_list","search_form_detection","검색폼 또는 검색 결과 URL 확정 실패","search_form_not_confirmed","","","","0","0","0",""
"Del Monte","델몬트 드링크팩 오렌지,190ml,190ml,48개,48개","d9f5b3f1-2a52-4e15-8f0f-0da04fd15415","2026-02-12 14:12:30.830986+00","failed_no_product_list","search_form_detection","검색폼 또는 검색 결과 URL 확정 실패","search_form_not_confirmed","","","","0","0","0",""
"Dell","델 FHD 에일리언웨어 320Hz 0.5ms IPS 게이밍 모니터,621.8mm,621.8mm,AW2525HM,AW2525HM","0cc65c0e-77da-4009-889e-6e5e4df3ab17","2026-02-12 12:54:00.523577+00","failed_no_product_list","search_form_detection","검색폼 또는 검색 결과 URL 확정 실패","search_form_not_confirmed","","","","0","0","0",""
"Dell","델 4K UHD IPS 피벗 120Hz 울트라샤프 모니터 Black,80.01cm,80.01cm,U3225QE,U3225QE","9daefb38-6ccf-4a28-8c74-6c361b0c1f14","2026-02-12 14:43:50.927483+00","failed_no_product_list","search_form_detection","검색폼 또는 검색 결과 URL 확정 실패","search_form_not_confirmed","","","","0","0","0",""
"De'Longhi","드롱기 디나미카 ECAM350.15.B (일반구매)","f8c39541-5b6b-4de8-a148-ca6021d3a763","2026-02-12 11:50:04.904363+00","failed_no_product_list","parse_after_confirmed_url","확정 URL까지는 갔지만 페이지 구조/결과 상태(0건 포함)로 상품 리스트 추출 실패","no_products_after_parse","input_not_found","false","https://www.delonghi.com/ko-kr/","0","0","0",""
"De'Longhi","드롱기 디스틴타 구름치노 EMFI (화이트)","317192af-7783-4597-be31-26dd12cd1c6a","2026-02-12 12:42:46.397517+00","failed_no_product_list","parse_after_confirmed_url","확정 URL까지는 갔지만 페이지 구조/결과 상태(0건 포함)로 상품 리스트 추출 실패","no_products_after_parse","input_not_found","false","https://www.delonghi.com/ko-kr","0","0","0",""
"De'Longhi","드롱기 마그니피카 S 스마트 KRECAM250.33.TB","55dff828-2b22-4f60-baac-f83cc3de4a74","2026-02-12 13:30:48.364213+00","failed_no_product_list","parse_after_confirmed_url","확정 URL까지는 갔지만 페이지 구조/결과 상태(0건 포함)로 상품 리스트 추출 실패","no_products_after_parse","input_not_found","false","https://www.delonghi.com/ko-kr/","0","0","0",""
"Dentiste","덴티스테 치약 뉴플러스화이트 200g 6개+20g 2개 입냄새제거 무불소 임산부","ea4c05cc-af17-42ef-8ce4-f13903254ff3","2026-02-12 12:35:38.892516+00","partial_success_bad_urls","url_mapping_stage","상품명/가격 파싱은 되었으나 URL이 검색/카테고리/섹션 링크로 매핑됨","ok","","true","https://dentistestore.kr/product/search.html?keyword=%EC%B9%98%EC%95%BD","10","0","10","https://dentistestore.kr/product/search.html?keyword=%EC%B9%98%EC%95%BD"
"Dentiste","[9월 올영픽] 덴티스테 후레쉬 브레스 스프레이 15ml","9a0eb798-ab24-4205-828c-c8dce16a7271","2026-02-12 13:22:08.680015+00","failed_no_product_list","parse_after_confirmed_url","확정 URL까지는 갔지만 페이지 구조/결과 상태(0건 포함)로 상품 리스트 추출 실패","no_products_after_parse","","true","https://dentiste.kr/product/search.html?keyword=%EC%8A%A4%ED%94%84%EB%A0%88%EC%9D%B4","0","0","0",""
"Depend","디펜드 편안한언더웨어 성인기저귀 일반 중대형,중대형,중대형,16개입,16개입,4개,4개","1ef17b46-c53b-416b-8453-466f69eb8d0f","2026-02-12 11:45:13.920286+00","partial_success_bad_urls","url_mapping_stage","상품명/가격 파싱은 되었으나 URL이 검색/카테고리/섹션 링크로 매핑됨","ok","","true","https://silver-depend.com/product/search.html?keyword=%EC%96%B8%EB%8D%94%EC%9B%A8%EC%96%B4","8","0","8","https://silver-depend.com/product/search.html?keyword=%EC%96%B8%EB%8D%94%EC%9B%A8%EC%96%B4"
"Dibea","디베아 원스텝 무선 청소기 차이슨 ONE STEP + 클린스테이션,디베아 차이슨 ONE STEP,디베아 차이슨 ONE STEP,스노우 화이트,스노우 화이트","6e4c31d5-b473-47d7-ab1d-ff7e43b690ee","2026-02-12 12:39:08.725847+00","partial_success_bad_urls","url_mapping_stage","상품명/가격 파싱은 되었으나 URL이 검색/카테고리/섹션 링크로 매핑됨","ok","","true","https://dibea.kr/search?keyword=%EB%AC%B4%EC%84%A0%EC%B2%AD%EC%86%8C%EA%B8%B0","7","0","7","https://dibea.kr/search?keyword=%EB%AC%B4%EC%84%A0%EC%B2%AD%EC%86%8C%EA%B8%B0"
"Dibea","디베아 진공 무선 스틱형청소기 차이슨 ALLNEW22000+,ALLNEW22000+,ALLNEW22000+,스노우 화이트,스노우 화이트","ffe33fc1-8369-4f1a-a89a-860d05f7afe6","2026-02-12 13:06:46.76825+00","partial_success_bad_urls","url_mapping_stage","상품명/가격 파싱은 되었으나 URL이 검색/카테고리/섹션 링크로 매핑됨","ok","","true","https://dibea.kr/search?keyword=%EC%B2%AD%EC%86%8C%EA%B8%B0","7","3","4","https://dibea.kr/search?keyword=%EC%B2%AD%EC%86%8C%EA%B8%B0"
"DJI","DJI Osmo Nano 스탠더드 콤보 64GB,단일색상,단일색상,단일상품,단일상품","3e9e0932-c14d-490d-a392-d2ced635baab","2026-02-12 12:12:39.613654+00","failed_no_product_list","parse_after_confirmed_url","확정 URL까지는 갔지만 페이지 구조/결과 상태(0건 포함)로 상품 리스트 추출 실패","no_products_after_parse","","true","https://www.dji.com/kr/search?q=%EC%B9%B4%EB%A9%94%EB%9D%BC","0","0","0",""
"DJI","DJI Mini 4 Pro 드론 + RC 2,혼합색상,혼합색상,1세트,1세트","fdc0b1c6-a08f-40c3-bb0c-037cd588a20a","2026-02-12 13:13:13.35269+00","failed_no_product_list","parse_after_confirmed_url","확정 URL까지는 갔지만 페이지 구조/결과 상태(0건 포함)로 상품 리스트 추출 실패","no_products_after_parse","","true","https://www.dji.com/kr/search?q=%EB%93%9C%EB%A1%A0","0","0","0",""
"Downy","다우니 울트라 에이프릴 후레쉬 섬유유연제 본품,5.03L,5.03L,1개,1개","c2bf07e2-952c-48e6-91c0-4e2e7318f562","2026-02-12 10:53:44.930645+00","failed_no_product_list","search_form_detection","검색폼 또는 검색 결과 URL 확정 실패","search_form_not_confirmed","","","","0","0","0",""
"Downy","다우니 초고농축 실내건조 울트라 섬유유연제 프레시 클린 본품,4L,4L,1개,1개","fecb27f4-4826-4eea-829b-1e904a0f5a0c","2026-02-12 13:02:07.149282+00","failed_no_product_list","search_form_detection","검색폼 또는 검색 결과 URL 확정 실패","search_form_not_confirmed","","","","0","0","0",""
"Dyson","다이슨 디지털 슬림 서브마린 (일반구매)","8bbd5dad-bde2-402e-861a-bdd6631ff124","2026-02-12 11:53:17.181189+00","failed_no_product_list","search_form_detection","검색폼 또는 검색 결과 URL 확정 실패","search_form_not_confirmed","","false","","0","0","0",""
"Dyson","다이슨 슈퍼소닉 뉴럴 (프러시안블루/리치코퍼)","38338af4-ac64-4646-a397-44d7ea6aaac4","2026-02-12 12:10:12.647588+00","failed_no_product_list","search_form_detection","검색폼 또는 검색 결과 URL 확정 실패","search_form_not_confirmed","","false","","0","0","0",""
"Ecover","에코버 올인원 식기세척기세제 68p,1.36kg,1.36kg,1개,1개","454295f1-c8da-42d3-8626-36bf03b7a860","2026-02-12 13:08:59.604962+00","partial_success_bad_urls","url_mapping_stage","상품명/가격 파싱은 되었으나 URL이 검색/카테고리/섹션 링크로 매핑됨","ok","","true","https://ecoverkorea.com/product/search.html?keyword=%EC%8B%9D%EA%B8%B0%EC%84%B8%EC%B2%99%EA%B8%B0%EC%84%B8%EC%A0%9C","10","0","10","https://ecoverkorea.com/product/search.html?keyword=%EC%8B%9D%EA%B8%B0%EC%84%B8%EC%B2%99%EA%B8%B0%EC%84%B8%EC%A0%9C"
"Ehrmann","에르먼 S20 국내생산 책상의자 공부 학생 사무용 사무실 메쉬 컴퓨터의자 기본형 +option+ S20 :: 기본형 :: 오트베이지","b7939b36-f456-426b-98a3-4da98844e761","2026-02-12 12:58:17.578009+00","partial_success_bad_urls","url_mapping_stage","상품명/가격 파싱은 되었으나 URL이 검색/카테고리/섹션 링크로 매핑됨","ok","all_probe_failed","false","https://ermon.co.kr/product/search.html?keyword=Chair","5","0","5","https://ermon.co.kr/product/s20-plus/42/category/24/display/1/"
"Energizer","에너자이저 과부하차단 고용량 3680W 멀티탭 4구,1개,1개,블랙,블랙,2m","8cd3fd09-2576-4bd1-a579-65410b1fa5ec","2026-02-12 14:43:28.926194+00","failed_no_product_list","search_form_detection","검색폼 또는 검색 결과 URL 확정 실패","search_form_not_confirmed","","","","0","0","0",""
"Englanderr","앙티브 템바보드 원목 수납 침대프레임 Q +option+ 앙티브 침대프레임 :: 퀸(Q)/월넛","b87969ac-0db4-4e05-8739-0b3bfcce0be6","2026-02-12 13:07:50.471597+00","success_detail_urls","","정상 수집","ok","","true","https://www.englander.co.kr/goods/goods_search.php?keyword=%EC%B9%A8%EB%8C%80%ED%94%84%EB%A0%88%EC%9E%84","9","9","0",""
"Englanderr","앙티브 템바보드 원목 수납 침대프레임 SS Q LK(월넛/화이트) 월넛-퀸(Q)","5bb42b39-2723-4510-9fda-8c5a636ebe41","2026-02-12 14:14:38.699573+00","success_detail_urls","","정상 수집","ok","","true","https://www.englander.co.kr/goods/goods_search.php?keyword=%EC%B9%A8%EB%8C%80%ED%94%84%EB%A0%88%EC%9E%84","9","9","0",""
"Epson","엡손 에코탱크 무한잉크 복합기 L6270,L6270,L6270","ea961853-800e-4872-9615-c55e7000c062","2026-02-12 11:07:21.895926+00","failed_no_product_list","parse_after_confirmed_url","확정 URL까지는 갔지만 페이지 구조/결과 상태(0건 포함)로 상품 리스트 추출 실패","no_products_after_parse","","true","https://www.epson.co.kr/search/?keyword=%EB%B3%B5%ED%95%A9%EA%B8%B0","0","0","0",""
"Epson","엡손 컬러 A3 팩스 무한잉크복합기 L14150,L14150,L14150,혼합색상,혼합색상","feddef09-6466-49ee-b04d-dbca3ca027d2","2026-02-12 11:23:33.172068+00","failed_no_product_list","parse_after_confirmed_url","확정 URL까지는 갔지만 페이지 구조/결과 상태(0건 포함)로 상품 리스트 추출 실패","no_products_after_parse","","true","https://www.epson.co.kr/search/?keyword=%EB%B3%B5%ED%95%A9%EA%B8%B0","0","0","0",""
"Epson","엡손 에코탱크 무한잉크 복합기 L3256,L3256,L3256","bd4de912-74ee-4ce3-ac84-4d8fd9df1871","2026-02-12 11:40:32.337423+00","failed_no_product_list","parse_after_confirmed_url","확정 URL까지는 갔지만 페이지 구조/결과 상태(0건 포함)로 상품 리스트 추출 실패","no_products_after_parse","","true","https://www.epson.co.kr/search/?keyword=%EB%B3%B5%ED%95%A9%EA%B8%B0","0","0","0",""
"Epson","엡손 에코탱크 프로 무한잉크 복합기 L6460,L6460,L6460","381caa5a-ff11-42c4-97bd-697a933be029","2026-02-12 12:01:36.534281+00","failed_no_product_list","parse_after_confirmed_url","확정 URL까지는 갔지만 페이지 구조/결과 상태(0건 포함)로 상품 리스트 추출 실패","no_products_after_parse","","true","https://www.epson.co.kr/search/?keyword=%EB%B3%B5%ED%95%A9%EA%B8%B0","0","0","0",""
"Epson","엡손 에코탱크 A3 무한잉크 복합기 L8180,L8180,L8180","8fdf1d16-5dd6-4349-98e7-5a735a03a680","2026-02-12 12:16:13.289197+00","failed_no_product_list","parse_after_confirmed_url","확정 URL까지는 갔지만 페이지 구조/결과 상태(0건 포함)로 상품 리스트 추출 실패","no_products_after_parse","","true","https://www.epson.co.kr/search/?keyword=%EB%B3%B5%ED%95%A9%EA%B8%B0","0","0","0",""
"Epson","엡손 북 스캐너,ES-580W,ES-580W","897bf867-7146-4195-9a67-6db5212456cd","2026-02-12 12:21:35.283366+00","failed_no_product_list","parse_after_confirmed_url","확정 URL까지는 갔지만 페이지 구조/결과 상태(0건 포함)로 상품 리스트 추출 실패","no_products_after_parse","","true","https://www.epson.co.kr/search/?keyword=%EC%8A%A4%EC%BA%90%EB%84%88","0","0","0",""
"Epson","엡손 에코탱크 무한잉크 복합기 L6290,L6290,L6290","7827b14c-8d3d-4c4c-913b-6f6ac10c1bda","2026-02-12 12:29:19.65747+00","failed_no_product_list","parse_after_confirmed_url","확정 URL까지는 갔지만 페이지 구조/결과 상태(0건 포함)로 상품 리스트 추출 실패","no_products_after_parse","","true","https://www.epson.co.kr/search/?keyword=%EB%B3%B5%ED%95%A9%EA%B8%B0","0","0","0",""
"Epson","엡손 워크포스 초경량 초소형 A4 모바일 프린터 WF-100,WF-100,WF-100","937c2f77-f450-4c4d-a3cb-86840c4dc84f","2026-02-12 12:53:44.025762+00","partial_success_bad_urls","url_mapping_stage","상품명/가격 파싱은 되었으나 URL이 검색/카테고리/섹션 링크로 매핑됨","ok","all_probe_failed","false","https://www.epson.co.kr/search/?keyword=Portable+Printer","6","0","6","https://www.epson.co.kr/search/?keyword=Portable+Printer&q=%EB%AA%A8%EB%B0%94%EC%9D%BC+%ED%94%84%EB%A6%B0%ED%84%B0"
"Epson","엡손 에코탱크 무한잉크 복합기 L3216,L3216,L3216","45af5c2a-0772-4fa6-a1c9-67461429dcbd","2026-02-12 13:37:00.449737+00","failed_no_product_list","parse_after_confirmed_url","확정 URL까지는 갔지만 페이지 구조/결과 상태(0건 포함)로 상품 리스트 추출 실패","no_products_after_parse","","true","https://www.epson.co.kr/search/?keyword=%EB%B3%B5%ED%95%A9%EA%B8%B0","0","0","0",""
"Garibaldi","네스프레소 호환 캡슐커피 커피비 알루미늄 에스프레소 50캡슐,1세트,1세트,50개입,50개입","da4bbf3f-4b91-4ce9-8e3f-7e829137198d","2026-02-12 13:45:28.588488+00","partial_success_bad_urls","url_mapping_stage","상품명/가격 파싱은 되었으나 URL이 검색/카테고리/섹션 링크로 매핑됨","ok","method_not_get","false","http://www.coffeebe.co.kr/","10","1","9","http://www.coffeebe.co.kr/"
"Garmin","가민 Forerunner 55 러닝 스마트워치,블랙,블랙,42mm,42mm,GPS,GPS","9cae8997-c5c1-4e9e-82c9-cf84a74558bd","2026-02-12 14:38:00.739773+00","failed_no_product_list","parse_after_confirmed_url","확정 URL까지는 갔지만 페이지 구조/결과 상태(0건 포함)로 상품 리스트 추출 실패","no_products_after_parse","","true","https://www.garmin.com/ko-KR/?q=%EC%8A%A4%EB%A7%88%ED%8A%B8%EC%9B%8C%EC%B9%98","0","0","0",""
"Georgia","해태음료 조지아 맥스 캔커피,240ml,240ml,30개,30개","82f92102-8950-4f14-838a-7919e9a4a2cc","2026-02-12 10:54:54.275869+00","partial_success_bad_urls","url_mapping_stage","상품명/가격 파싱은 되었으나 URL이 검색/카테고리/섹션 링크로 매핑됨","ok","input_not_found","false","https://cokeplay.cocacola.co.kr/main","8","0","8","https://cokeplay.cocacola.co.kr/pointshop/goods"
"Georgia","(공식) 조지아 오리지널 CAN 240ml 30입","702b286e-23fd-4822-b61e-f9a4ab5c171e","2026-02-12 14:43:04.232906+00","partial_success_bad_urls","url_mapping_stage","상품명/가격 파싱은 되었으나 URL이 검색/카테고리/섹션 링크로 매핑됨","ok","input_not_found","false","https://cokeplay.cocacola.co.kr/main","10","0","10","https://cokeplay.cocacola.co.kr/pointshop/goods"
"Gigabyte","기가바이트 2025 에어로 X16 라이젠 AI 라이젠 AI 300 시리즈 지포스 RTX 5060,스페이스그레이,스페이스그레이,1TB,1TB,32GB,32GB,Free DOS,Free DOS,AERO X16 1VH93KRC94A-R,AERO X16 1VH93KRC94A-R","b3b62d64-6705-4ef1-87c6-26f1f89aae6b","2026-02-12 13:48:58.844351+00","failed_no_product_list","parse_after_confirmed_url","확정 URL까지는 갔지만 페이지 구조/결과 상태(0건 포함)로 상품 리스트 추출 실패","no_products_after_parse","input_not_found","false","https://www.gigabyte.com/kr","0","0","0",""
"Gigabyte","기가바이트 2025 에어로 X16 라이젠 AI 라이젠 AI 300 시리즈 지포스 RTX 5060,루나화이트,루나화이트,1TB,1TB,32GB,32GB,Free DOS,Free DOS,AERO X16 1VH93KRC94D-R,AERO X16 1VH93KRC94D-R","31f6b50f-5249-41bb-93b8-b2a3c9606d97","2026-02-12 14:15:32.338665+00","failed_no_product_list","parse_after_confirmed_url","확정 URL까지는 갔지만 페이지 구조/결과 상태(0건 포함)로 상품 리스트 추출 실패","no_products_after_parse","input_not_found","false","https://www.gigabyte.com/kr","0","0","0",""
"Gillette","질레트 랩스 딥클렌징바 면도기세트 샤프 화이트 에디션,핸들 + 면도날 5p + 틴케이스,핸들 + 면도날 5p + 틴케이스,1세트,1세트","60371b02-0e2d-46d5-92ff-3f569dff3aab","2026-02-12 12:50:42.068657+00","failed_no_product_list","search_form_detection","검색폼 또는 검색 결과 URL 확정 실패","search_form_not_confirmed","","","","0","0","0",""
"Glad","글래드 매직랩 컴팩트,30cm x 43.4m,30cm x 43.4m,43.4m,1개,1개","502ffb16-defb-4c62-ad67-d0af79d5ba94","2026-02-12 10:57:14.499982+00","success_detail_urls","","정상 수집","ok","","true","https://www.gladkorea.com/m/item/search.result.html?searchval=%EB%A7%A4%EC%A7%81%EB%9E%A9","10","10","0",""
"Goya","고야 대용량 피티드 블랙 올리브,875g,875g,1개,1개","9b96c2c6-1a9b-4706-b1da-e3cfb4fe869e","2026-02-12 13:44:07.976766+00","failed_no_product_list","parse_after_confirmed_url","확정 URL까지는 갔지만 페이지 구조/결과 상태(0건 포함)로 상품 리스트 추출 실패","no_products_after_parse","input_not_found","false","http://www.hyosungint.com/","0","0","0",""
"Greenies","그리니즈 애견 덴탈 껌,티니 오리지널,티니 오리지널,340g,340g,1개,1개","353551c5-fa7b-4070-99d5-ee0a36a8c818","2026-02-12 13:04:18.703195+00","failed_no_product_list","parse_after_confirmed_url","확정 URL까지는 갔지만 페이지 구조/결과 상태(0건 포함)로 상품 리스트 추출 실패","no_products_after_parse","","true","https://www.greenies.com/search?q=%EB%8D%B4%ED%83%88+%EA%BB%8C","0","0","0",""
"HP","HP 2024 빅터스 게이밍 데스크탑 코어i5 인텔 14세대 지포스 RTX 4060,미카실버,미카실버,TG02-2000KL,TG02-2000KL,512GB,512GB,16GB,Free DOS,Free DOS","77d2c80c-5f9f-4537-ae71-0354213f9158","2026-02-12 11:02:03.049872+00","failed_no_product_list","parse_after_confirmed_url","확정 URL까지는 갔지만 페이지 구조/결과 상태(0건 포함)로 상품 리스트 추출 실패","no_products_after_parse","form_not_found","false","https://www.hp.com/kr-ko/gaming.html","0","0","0",""
"HP","HP 잉크 2종 세트 HP680,검정, 삼원색,검정, 삼원색,1세트,1세트","35550694-5f16-4c74-84d6-eb32367d7e38","2026-02-12 11:57:03.242796+00","failed_no_product_list","parse_after_confirmed_url","확정 URL까지는 갔지만 페이지 구조/결과 상태(0건 포함)로 상품 리스트 추출 실패","no_products_after_parse","form_not_found","false","https://www.hp.com/kr-ko/home.html","0","0","0",""
"HP","HP 2024 빅터스 15.6 코어i5 인텔 12세대 지포스 RTX 3050,MicaSilver,MicaSilver,512GB,512GB,8GB,Free DOS,Free DOS,15-fa0053TX,15-fa0053TX","a5bfc0af-18fc-4b71-9d45-0f3dba306c3b","2026-02-12 12:04:19.889182+00","failed_no_product_list","search_form_detection","검색폼 또는 검색 결과 URL 확정 실패","search_form_not_confirmed","","","","0","0","0",""
"HP","HP 2023 오멘 16 코어i5 인텔 13세대 지포스 RTX 4060,ShadowBlack,ShadowBlack,512GB,512GB,32GB,WIN11 Home,WIN11 Home,16-wf0156TX,16-wf0156TX","6643699c-123b-4735-b279-c04a78467532","2026-02-12 12:19:39.654723+00","failed_no_product_list","parse_after_confirmed_url","확정 URL까지는 갔지만 페이지 구조/결과 상태(0건 포함)로 상품 리스트 추출 실패","no_products_after_parse","form_not_found","false","https://www.hp.com/kr-ko/home.html","0","0","0",""
"HP","HP 오피스젯 프로 9010 무한공급기 (용량 1000ML 이상)","06e899e0-0d47-477b-a46e-228ed3b6684f","2026-02-12 12:26:04.354814+00","failed_no_product_list","parse_after_confirmed_url","확정 URL까지는 갔지만 페이지 구조/결과 상태(0건 포함)로 상품 리스트 추출 실패","no_products_after_parse","form_not_found","false","https://www.hp.com/kr-ko/home.html","0","0","0",""
"Insta360","인스타360 GO Ultra 크리에이터 번들 액션캠,GO Ultra,GO Ultra,화이트,화이트","cc6207d3-1cc3-4f35-bb77-2585091abdea","2026-02-12 13:42:03.087035+00","failed_no_product_list","parse_after_confirmed_url","확정 URL까지는 갔지만 페이지 구조/결과 상태(0건 포함)로 상품 리스트 추출 실패","no_products_after_parse","input_not_found","false","https://www.insta360.com/kr/","0","0","0",""
"Instax","IFG 인스탁스 미니필름 100p + 홀로그램 1단 앨범 + 틴케이스 랜덤발송,단일상품,단일상품,1세트,1세트","352a3c7d-20ea-416d-b64a-7e8ef314515d","2026-02-12 13:13:38.415106+00","failed_no_product_list","search_form_detection","검색폼 또는 검색 결과 URL 확정 실패","search_form_not_confirmed","","","","0","0","0",""
"Instax","인스탁스 즉석 미니필름 100p + 포토체어 + GL앨범,단일 상품,단일 상품,1세트,1세트","4ec83997-e3e8-4fdf-bd8d-f6139d19c392","2026-02-12 14:07:01.35157+00","success_detail_urls","","정상 수집","ok","method_not_get","false","https://www.fujifilm.co.kr/main.do","1","1","0",""
"Instax","인스탁스 미니 필름 20p + 보석 스티커 1매 세트,단일상품,단일상품,1세트,1세트","49e4a28a-d424-46d4-ab96-3179c98bf471","2026-02-12 14:18:55.689907+00","success_detail_urls","","정상 수집","ok","method_not_get","false","https://www.fujifilm.co.kr/main.do","1","1","0",""
"Instax","인스탁스 즉석 미니필름 20p + 포토체어 색상랜덤발송 + GL앨범,단일 상품,단일 상품,1세트,1세트","d674358d-6b02-470c-94e3-ce1b81ac8664","2026-02-12 14:21:50.395823+00","success_detail_urls","","정상 수집","ok","method_not_get","false","https://www.fujifilm.co.kr/main.do","1","1","0",""
"Kärcher","카처 SC4 이지픽스","6186407b-ba46-4ec0-9d43-c0a24768a293","2026-02-12 14:04:44.532248+00","failed_no_product_list","parse_after_confirmed_url","확정 URL까지는 갔지만 페이지 구조/결과 상태(0건 포함)로 상품 리스트 추출 실패","no_products_after_parse","","true","https://www.karcher.co.kr/goods/search?osearchtext=%EC%8A%A4%ED%8C%80%EC%B2%AD%EC%86%8C%EA%B8%B0&page=1&searchMode=search&per=40&sorting=ranking&filter_display=lattice&search_text=%EC%8A%A4%ED%8C%80%EC%B2%AD%EC%86%8C%EA%B8%B0","0","0","0",""
"Kellogg’s Corn Frost","켈로그 콘푸로스트 600g_","4b727d09-e9c3-40b3-9e64-51313b5b3876","2026-02-12 10:58:31.492017+00","failed_no_product_list","search_form_detection","검색폼 또는 검색 결과 URL 확정 실패","search_form_not_confirmed","","","","0","0","0",""
"Kent","켄트로얄 티스허그 초극세모 광폭칫솔,6개입,6개입,1세트,1세트","5f9be6fc-d6f3-423f-9198-39d2ec714d2b","2026-02-12 14:23:23.266762+00","failed_no_product_list","search_form_detection","검색폼 또는 검색 결과 URL 확정 실패","search_form_not_confirmed","","","","0","0","0",""
"Kleenex","[메가커피 증정] [네이버전용 광폭 108mm]크리넥스 3겹 울트라클린 와이드 롤화장지 33MX24롤+24롤","5ead6109-f84e-4bac-9eb9-851ac6da28aa","2026-02-12 11:16:13.611893+00","success_detail_urls","","정상 수집","ok","input_not_found","false","https://brand.naver.com/ykstore","10","10","0",""
"Kleenex","크리넥스 에어셀 프리미엄 화장지 피톤치드향 45m,24개입,24개입,1개,1개","23d29b87-bd82-4213-855d-7d90ff42a939","2026-02-12 11:52:48.639323+00","failed_no_product_list","search_form_detection","검색폼 또는 검색 결과 URL 확정 실패","search_form_not_confirmed","","","","0","0","0",""
"Kleenex","크리넥스 에어셀 프리미엄 화장지 피톤치드향 45m,24개입,24개입,2개,2개","b3fb52fb-0757-456e-a44b-af597c9ef3e9","2026-02-12 12:33:36.141283+00","failed_no_product_list","search_form_detection","검색폼 또는 검색 결과 URL 확정 실패","search_form_not_confirmed","","","","0","0","0",""
"Kleenex","크리넥스 안심 3겹 천연펄프 키친타올,12롤,12롤,1개,1개","7d243993-93b8-4ba5-a6ed-b557e0a86c03","2026-02-12 12:44:21.468601+00","failed_no_product_list","search_form_detection","검색폼 또는 검색 결과 URL 확정 실패","search_form_not_confirmed","","","","0","0","0",""
"L’Occitane","록시땅 시어 핸드크림 150ml 3종 세트 [기프트](+파우치+미니핸드)","260b9eef-0b5f-4f6a-bc6d-16d4480f557c","2026-02-12 12:26:56.520122+00","failed_no_product_list","parse_after_confirmed_url","확정 URL까지는 갔지만 페이지 구조/결과 상태(0건 포함)로 상품 리스트 추출 실패","no_products_after_parse","input_not_found","false","https://kr.loccitane.com/on/demandware.store/Sites-OCC_KR-Site/ko_KR/DDUser-Challenge?redirect=%2Fon%2Fdemandware.store%2FSites-OCC_KR-Site","0","0","0",""
"La Roche-Posay","라로슈포제 시카플라스트 밤 B5+ 100ml X2","bbe1446a-93ac-47f0-b78e-f8606c82a7d2","2026-02-12 11:41:45.162763+00","partial_success_bad_urls","url_mapping_stage","상품명/가격 파싱은 되었으나 URL이 검색/카테고리/섹션 링크로 매핑됨","ok","","true","https://www.larocheposay.co.kr/?topSearchKeyword=%EB%B0%A4","2","1","1","https://www.larocheposay.co.kr/product/list.do?cate2=1004"
"Lanvin","랑방 에끌라 드 아르페쥬 우먼 오 드 퍼퓸,30ml,30ml,1개,1개","354fd3f8-e13e-4cf6-b8ad-48b9c53d6c35","2026-02-12 14:38:30.856538+00","failed_no_product_list","search_form_detection","검색폼 또는 검색 결과 URL 확정 실패","search_form_not_confirmed","","","","0","0","0",""
"LEGO","레고 42207 테크닉 Ferrari SF 24 F1 레이스 카,혼합색상,혼합색상,1개,1개","9cc0178f-74bd-4994-847d-a4d77013536e","2026-02-12 12:24:06.3152+00","success_detail_urls","","정상 수집","ok","","true","https://www.lego.com/ko-kr?q=%EB%A0%88%EC%9D%B4%EC%8A%A4+%EC%B9%B4","10","10","0",""
"LEGO","레고 77242 스피드 챔피언 Ferrari SF 24 F1 레이스 카,혼합색상,혼합색상,1개,1개","4de4a690-fc23-4780-9e48-ca525fe58afa","2026-02-12 13:32:08.662683+00","success_detail_urls","","정상 수집","ok","","true","https://www.lego.com/ko-kr?q=%EB%A0%88%EC%9D%B4%EC%8A%A4+%EC%B9%B4","10","10","0",""
"LEGO","레고 닌자고 쟌의 울트라 합체 로봇 71834,혼합색상,혼합색상,1개,1개","2b281455-c6f8-4f39-8225-bad2e961719a","2026-02-12 14:32:50.842261+00","success_detail_urls","","정상 수집","ok","","true","https://www.lego.com/ko-kr?q=%EB%A1%9C%EB%B4%87","10","10","0",""
"Lenovo","레노버 아이디어패드 Slim5 16IRH10R Core5 OLED (SSD 512GB)","223775cf-7640-4ddc-a796-f4640ad9ceb8","2026-02-12 10:58:58.640653+00","failed_no_product_list","search_form_detection","검색폼 또는 검색 결과 URL 확정 실패","search_form_not_confirmed","","","","0","0","0",""
"Lenovo","레노버 2024 아이디어패드 슬림 5 15ARP10 라이젠7 라이젠 7000 시리즈,CloudGrey,CloudGrey,512GB,512GB,16GB,Free DOS,Free DOS,83J30032KR,83J30032KR","9fccc44c-9de8-438a-a527-46db484202ea","2026-02-12 14:00:13.328238+00","failed_no_product_list","search_form_detection","검색폼 또는 검색 결과 URL 확정 실패","search_form_not_confirmed","","","","0","0","0",""
"Lenovo","레노버 LEGION 27Q-10 QHD 240 IPS 68C6GAC4KR","e78bdca4-cf41-4484-aba7-49113263db91","2026-02-12 14:26:24.77783+00","failed_no_product_list","parse_after_confirmed_url","확정 URL까지는 갔지만 페이지 구조/결과 상태(0건 포함)로 상품 리스트 추출 실패","no_products_after_parse","","true","https://www.lenovo.com/kr/ko/?commonHeaderSearch=%EB%AA%A8%EB%8B%88%ED%84%B0","0","0","0",""
"Loacker","로아커 웨하스 미니스,800g,800g,1개,1개","31c2f766-4c43-476e-b6c0-13bf68316d13","2026-02-12 13:45:51.782215+00","failed_no_product_list","search_form_detection","검색폼 또는 검색 결과 URL 확정 실패","search_form_not_confirmed","","","","0","0","0",""
"Logitech","로지텍 MX VERTICAL (정품)","562d071b-5064-4f1e-a4a7-b7add7009635","2026-02-12 11:26:53.169391+00","failed_no_product_list","parse_after_confirmed_url","확정 URL까지는 갔지만 페이지 구조/결과 상태(0건 포함)로 상품 리스트 추출 실패","no_products_after_parse","input_not_found","false","https://www.logitech.com/ko-kr","0","0","0",""
"Logitech","로지텍 LIGHTSPEED 무선 게이밍 헤드셋,블랙,블랙,G435,G435","07c331ae-ff0c-4fa7-9e22-784af15b3e4a","2026-02-12 13:15:44.926396+00","failed_no_product_list","parse_after_confirmed_url","확정 URL까지는 갔지만 페이지 구조/결과 상태(0건 포함)로 상품 리스트 추출 실패","no_products_after_parse","input_not_found","false","https://www.logitech.com/ko-kr","0","0","0",""
"Magic Chef","매직쉐프 UV 식기 건조기 MEDD-C60G,MEDD-C60G,MEDD-C60G","cd2a8e73-48c7-42f7-aba9-699bcd2089d2","2026-02-12 13:17:56.976603+00","failed_no_product_list","parse_after_confirmed_url","확정 URL까지는 갔지만 페이지 구조/결과 상태(0건 포함)로 상품 리스트 추출 실패","no_products_after_parse","form_not_found","false","http://www.magicchefkorea.co.kr/","0","0","0",""
"Magic Chef","매직쉐프 디지털 전자레인지 다이얼&버튼방식 20L,MEM-GW20U,MEM-GW20U","e7d3b911-63cf-47ec-96fc-fa020cb3afd6","2026-02-12 13:50:37.231397+00","failed_no_product_list","parse_after_confirmed_url","확정 URL까지는 갔지만 페이지 구조/결과 상태(0건 포함)로 상품 리스트 추출 실패","no_products_after_parse","form_not_found","false","http://magicchefkorea.co.kr/","0","0","0",""
"Microsoft","마이크로소프트 Windows 11 Home 처음사용자용 FPP USB HAJ-00095,HAJ-00095,HAJ-00095","c59d3eec-cd74-42d6-9599-aa5e26c0bd12","2026-02-12 13:27:42.724409+00","success_detail_urls","","정상 수집","ok","","true","https://www.microsoft.com/ko-kr/search/explore?q=Windows","1","1","0",""
"Midea","마이디어 디지털 전자레인지 다이얼식 20L,MW5000,MW5000","e348ae3a-dcdf-495d-889f-0c75608fd005","2026-02-12 12:05:22.567641+00","failed_no_product_list","parse_after_confirmed_url","확정 URL까지는 갔지만 페이지 구조/결과 상태(0건 포함)로 상품 리스트 추출 실패","no_products_after_parse","form_not_found","false","https://www.midea.com/kr","0","0","0",""
"Midea","미디어 건조겸용 드럼세탁기 MFK03D120B/SK-KR 12kg / 8kg 방문설치,실버,실버,MFK03D120B/SK-KR,MFK03D120B/SK-KR","ca67d762-ebbf-4f37-b578-901861f98bfe","2026-02-12 12:05:50.377851+00","failed_no_product_list","search_form_detection","검색폼 또는 검색 결과 URL 확정 실패","search_form_not_confirmed","","","","0","0","0",""
"Midea","마이디어 광파오븐 에어프라이어 23L 블랙,MTO2300BL,MTO2300BL","0e20a1b6-5655-4e6e-81ab-d4241bd2e378","2026-02-12 12:17:09.922055+00","failed_no_product_list","parse_after_confirmed_url","확정 URL까지는 갔지만 페이지 구조/결과 상태(0건 포함)로 상품 리스트 추출 실패","no_products_after_parse","form_not_found","false","https://www.midea.com/kr","0","0","0",""
"Midea","미디어 통돌이 세탁기 MAS07W70/WK-KR 7kg 방문설치,MAS07W70/WK-KR,MAS07W70/WK-KR,화이트 + 블랙,화이트 + 블랙","66ba72ac-5f29-4dfe-a18f-d4603474ebf3","2026-02-12 13:18:54.772302+00","failed_no_product_list","parse_after_confirmed_url","확정 URL까지는 갔지만 페이지 구조/결과 상태(0건 포함)로 상품 리스트 추출 실패","no_products_after_parse","form_not_found","false","https://www.midea.com/kr","0","0","0",""
"Mlekovita","믈레코비타 3.5퍼센트 멸균우유,1L,1L,12개,12개","25514699-ca12-4512-ae80-75b1adf3e00a","2026-02-12 10:55:25.497049+00","failed_no_product_list","search_form_detection","검색폼 또는 검색 결과 URL 확정 실패","search_form_not_confirmed","","","","0","0","0",""
"Mlekovita","믈레코비타 아이러브밀크 1.5% 저지방 멸균우유,1L,1L,12개,12개","82425556-e074-41d6-b0ec-2924f77bb549","2026-02-12 13:09:28.010087+00","failed_no_product_list","search_form_detection","검색폼 또는 검색 결과 URL 확정 실패","search_form_not_confirmed","","","","0","0","0",""
"MSI","MSI MAG 272URDF800 E16 듀얼모드 게이밍 4K AI Vision 무결점","fe723a61-1356-49c0-a43d-7959aabd5a91","2026-02-12 14:30:02.850424+00","failed_no_product_list","parse_after_confirmed_url","확정 URL까지는 갔지만 페이지 구조/결과 상태(0건 포함)로 상품 리스트 추출 실패","no_products_after_parse","input_not_found","false","https://www.msi.com/","0","0","0",""
"Nescafé Supremo","네스카페 수프리모 오리지널 커피믹스,11.7g,11.7g,300개입,300개입,1개,1개","154b5095-09be-41cd-af68-c7912317fefb","2026-02-12 11:11:08.435136+00","failed_no_product_list","parse_after_confirmed_url","확정 URL까지는 갔지만 페이지 구조/결과 상태(0건 포함)로 상품 리스트 추출 실패","no_products_after_parse","","true","https://www.nescafe.com/kr/search-results?search_term=%EC%BB%A4%ED%94%BC%EB%AF%B9%EC%8A%A4","0","0","0",""
"Nespresso","네스프레소 시티즈 C113 (일반구매)","4d8360c1-62e4-4d1d-a373-5d3537eaf117","2026-02-12 11:09:33.731557+00","failed_no_product_list","search_form_detection","검색폼 또는 검색 결과 URL 확정 실패","search_form_not_confirmed","","","","0","0","0",""
"Niko","니코 전기 라디에이터,WH-0515,WH-0515","f5f42ad4-4214-4214-af78-9087a44106d4","2026-02-12 10:55:58.032938+00","failed_no_product_list","search_form_detection","검색폼 또는 검색 결과 URL 확정 실패","search_form_not_confirmed","","","","0","0","0",""
"Niko","니코 전기 라디에이터,WH-0509,WH-0509","8e29b241-f4ff-458b-a6e9-c1a7896c7398","2026-02-12 11:07:58.474199+00","failed_no_product_list","search_form_detection","검색폼 또는 검색 결과 URL 확정 실패","search_form_not_confirmed","","","","0","0","0",""
"Niko","니코 전기 라디에이터,WH-0507,WH-0507","6b272c7a-0bd8-496b-8d7a-5c08cf687d0f","2026-02-12 12:25:08.721306+00","failed_no_product_list","search_form_detection","검색폼 또는 검색 결과 URL 확정 실패","search_form_not_confirmed","","","","0","0","0",""
"Noshibu","노시부 프로 전동식 의료용 아기 콧물흡입기 +option+ 그레이","6ffa4c64-cc35-4179-9cd5-c135a3964d77","2026-02-12 11:18:07.33892+00","failed_no_product_list","parse_after_confirmed_url","확정 URL까지는 갔지만 페이지 구조/결과 상태(0건 포함)로 상품 리스트 추출 실패","no_products_after_parse","input_not_found","false","https://nosiboo.kr/","0","0","0",""
"Novalac","노발락 AR 구토분유,800g,800g,1개,1개","2f65b066-fff2-463b-bf6a-a809e5092dab","2026-02-12 14:24:00.618006+00","failed_no_product_list","search_form_detection","검색폼 또는 검색 결과 URL 확정 실패","search_form_not_confirmed","","","","0","0","0",""
"Nutella","누텔라 스프레드,370g,370g,1개,1개","ff271bf6-2368-4f96-b1dc-14f04bc0e755","2026-02-12 14:08:23.474159+00","failed_no_product_list","parse_after_confirmed_url","확정 URL까지는 갔지만 페이지 구조/결과 상태(0건 포함)로 상품 리스트 추출 실패","no_products_after_parse","form_not_found","false","https://www.nutella.com/kr/ko/","0","0","0",""
"Nutrena","뉴트리나 전연령 강아지 울트라 액티브 건식사료,곡물,곡물,15kg,15kg,1개,1개","861b82f4-3f43-4a10-914e-edd2973d2a23","2026-02-12 13:55:52.649895+00","failed_no_product_list","search_form_detection","검색폼 또는 검색 결과 URL 확정 실패","search_form_not_confirmed","","","","0","0","0",""
"Oakley","오클리 라인마이너 블랙 클리어 +option+ FREE","e33a6dc4-bf6f-406f-b067-765db25bc47f","2026-02-12 14:19:32.121753+00","failed_no_product_list","search_form_detection","검색폼 또는 검색 결과 URL 확정 실패","search_form_not_confirmed","","","","0","0","0",""
"Omron","오므론 귀적외선 체온계 MC-523,1개,1개","e4c527cd-eb2b-4322-87cd-b127dc110eee","2026-02-12 14:39:43.732283+00","partial_success_bad_urls","url_mapping_stage","상품명/가격 파싱은 되었으나 URL이 검색/카테고리/섹션 링크로 매핑됨","ok","","true","https://omronmall.co.kr/product/search.html?keyword=%EC%B2%B4%EC%98%A8%EA%B3%84","5","0","5","https://omronmall.co.kr/product/%ED%94%84%EB%A1%9C%EB%B8%8C%EC%BB%A4%EB%B2%84%EA%B5%AC%EC%84%B1-%EC%98%A4%EB%AF%80%EB%A1%A0-%EA%B7%80-%EC%B2%B4%EC%98%A8%EA%B3%84-mc-523/285/category/26/display/1/"
"Oral-B","오랄비 글라이드 민트 치실 44m,6개입,6개입,1개,1개","54adc85e-d116-452f-8b6b-12a1f85f3c9d","2026-02-12 14:12:59.564867+00","failed_no_product_list","search_form_detection","검색폼 또는 검색 결과 URL 확정 실패","search_form_not_confirmed","","","","0","0","0",""
"Panasonic","파 나 소닉 ER1431 머리 이발기 트리머 충전식 절단,핑크,핑크,ER-1431,ER-1431","16f762b5-e317-4a72-b8f7-b15294905aeb","2026-02-12 12:44:46.734987+00","failed_no_product_list","search_form_detection","검색폼 또는 검색 결과 URL 확정 실패","search_form_not_confirmed","","","","0","0","0",""
"Panasonic","파나소닉 전문가용 이발기 ER-1511s,ER-1511s,ER-1511s","3d3d4369-375b-4539-86d5-25b02a39d93b","2026-02-12 13:39:50.505603+00","failed_no_product_list","search_form_detection","검색폼 또는 검색 결과 URL 확정 실패","search_form_not_confirmed","","","","0","0","0",""
"Pepsi","롯데칠성 펩시콜라(업소용),1.25L,1.25L,12개,12개","d5182999-12d1-4e2a-b817-7e22c93cc66c","2026-02-12 11:19:11.545425+00","partial_success_bad_urls","url_mapping_stage","상품명/가격 파싱은 되었으나 URL이 검색/카테고리/섹션 링크로 매핑됨","ok","method_not_get","false","https://mall.lottechilsung.co.kr/","10","0","10","https://mall.lottechilsung.co.kr/products?keyword=%EC%A0%A4%EB%A1%9C+%EC%83%81%EC%BE%8C%ED%95%9C+%EC%A0%9C%EB%A1%9C&page=1"
"Pepsi","롯데칠성음료 펩시콜라 (업소용),500ml,500ml,20개,20개","c13820d4-af34-49e1-b4b3-e2732873e8fc","2026-02-12 11:51:30.364066+00","partial_success_bad_urls","url_mapping_stage","상품명/가격 파싱은 되었으나 URL이 검색/카테고리/섹션 링크로 매핑됨","ok","method_not_get","false","https://mall.lottechilsung.co.kr/","10","0","10","https://mall.lottechilsung.co.kr/products?keyword=%EC%A0%A4%EB%A1%9C+%EC%83%81%EC%BE%8C%ED%95%9C+%EC%A0%9C%EB%A1%9C&page=1"
"Pepsi","펩시 제로슈거,355ml,355ml,24개,24개","5f66f531-798f-4af0-9cd1-5a8b281bb866","2026-02-12 11:58:33.61573+00","partial_success_bad_urls","url_mapping_stage","상품명/가격 파싱은 되었으나 URL이 검색/카테고리/섹션 링크로 매핑됨","ok","method_not_get","false","https://mall.lottechilsung.co.kr/","10","1","9","https://mall.lottechilsung.co.kr/products?keyword=%EC%A0%9C%EB%A1%9C"
"Perrier","페리에 레몬 탄산음료,330ml,330ml,24개,24개","7cde66eb-c31f-4f99-bfef-381f831b7553","2026-02-12 11:14:53.991431+00","failed_no_product_list","parse_after_confirmed_url","확정 URL까지는 갔지만 페이지 구조/결과 상태(0건 포함)로 상품 리스트 추출 실패","no_products_after_parse","input_not_found","false","https://www.perrier.co.kr/","0","0","0",""
"Persil","퍼실 젤 컬러 세제 본품,6.64L,6.64L,1개,1개","35247dd6-4d88-4ab4-ad4f-253d062a9c70","2026-02-12 13:55:31.601639+00","failed_no_product_list","parse_after_confirmed_url","확정 URL까지는 갔지만 페이지 구조/결과 상태(0건 포함)로 상품 리스트 추출 실패","no_products_after_parse","form_not_found","false","https://www.persil.co.kr/","0","0","0",""
"Philips","필립스 3000 시리즈 전기포트,HD9318/00,HD9318/00","63ed8152-8994-4f26-8b8e-f5d4ebd1548f","2026-02-12 11:38:54.632868+00","failed_no_product_list","parse_after_confirmed_url","확정 URL까지는 갔지만 페이지 구조/결과 상태(0건 포함)로 상품 리스트 추출 실패","no_products_after_parse","all_probe_failed","false","https://www.philips.co.kr/?q=Electric+Kettle","0","0","0",""
"Philips","필립스 무선 파워플로서 3000 구강세정기,HX3826/33,HX3826/33,블랙,블랙","7aa2428d-8b88-4a77-9fad-0d409bf00a96","2026-02-12 13:10:18.6832+00","failed_no_product_list","parse_after_confirmed_url","확정 URL까지는 갔지만 페이지 구조/결과 상태(0건 포함)로 상품 리스트 추출 실패","no_products_after_parse","","true","https://www.philips.co.kr/?q=Power+Flosser","0","0","0",""
"Philips","필립스 345M2R 울트라와이드 WQHD 144 프리싱크 HDR 게이밍 무결점","3248d5cc-b679-4af2-8278-e4530ba5e0f6","2026-02-12 13:58:19.757567+00","failed_no_product_list","search_form_detection","검색폼 또는 검색 결과 URL 확정 실패","search_form_not_confirmed","","","","0","0","0",""
"Philips Hue","필립스 휴 그라디언트 사인 플로어 Signe Floor LED 무드등 거실등 +option+ 필립스 휴 그라디언트 사인 플로어","1ec4905f-ca6b-45f4-af05-e9beddad77cd","2026-02-12 14:27:58.186778+00","failed_no_product_list","parse_after_confirmed_url","확정 URL까지는 갔지만 페이지 구조/결과 상태(0건 포함)로 상품 리스트 추출 실패","no_products_after_parse","input_not_found","false","https://www.philips-hue.com/ko-kr","0","0","0",""
"PlayStation","플레이스테이션 PS5 슬림 듀얼센스 번들 콘솔게임기 패키지,ASIA-00480,ASIA-00480","3d9c327e-1302-4967-9889-929699135203","2026-02-12 11:12:55.21183+00","failed_no_product_list","parse_after_confirmed_url","확정 URL까지는 갔지만 페이지 구조/결과 상태(0건 포함)로 상품 리스트 추출 실패","no_products_after_parse","form_not_found","false","https://www.playstation.com/ko-kr/","0","0","0",""
"Polident","폴리덴트 나이트 의치 세정제 36정,36개입,36개입,4개,4개","90875584-39af-48cf-92ab-337ee112f7d6","2026-02-12 14:29:13.835578+00","failed_no_product_list","search_form_detection","검색폼 또는 검색 결과 URL 확정 실패","search_form_not_confirmed","","","","0","0","0",""
"Pond’s","폰즈 클리어 스파 립앤아이 리무버 (본품300ml+120ml)","c7d53d31-e8cd-47ef-b7a7-7aa6c77ea930","2026-02-12 12:54:30.320118+00","failed_no_product_list","search_form_detection","검색폼 또는 검색 결과 URL 확정 실패","search_form_not_confirmed","","","","0","0","0",""
"Pond’s","폰즈 클리어 스파 립앤아이 리무버 300ml","04216499-00f5-403b-b7bb-0149919f9e14","2026-02-12 14:14:49.603851+00","failed_no_product_list","search_form_detection","검색폼 또는 검색 결과 URL 확정 실패","search_form_not_confirmed","","","","0","0","0",""
"Portmeirion","포트메리온 보타닉가든 머그컵 4종 세트,혼합색상,혼합색상,1세트,1세트","c22b1171-6934-40df-9c49-a3a59fda807d","2026-02-12 13:57:34.604885+00","failed_no_product_list","parse_after_confirmed_url","확정 URL까지는 갔지만 페이지 구조/결과 상태(0건 포함)로 상품 리스트 추출 실패","no_products_after_parse","all_probe_failed","false","https://portmeirion.co.kr/?phrase=Mug#","0","0","0",""
"Rinnai","린나이 IHFB3000N (빌트인,무료설치)","e3309f22-fd1f-42dc-8366-2483c8aa95ee","2026-02-12 12:37:10.656866+00","failed_no_product_list","parse_after_confirmed_url","확정 URL까지는 갔지만 페이지 구조/결과 상태(0건 포함)로 상품 리스트 추출 실패","no_products_after_parse","input_not_found","false","https://www.rinnai.co.kr/","0","0","0",""
"Roborock","로보락 F25 ACE","97df1e4a-b609-40c9-8a1e-2d97bf2ec9b5","2026-02-12 10:53:25.99595+00","failed_no_product_list","parse_after_confirmed_url","확정 URL까지는 갔지만 페이지 구조/결과 상태(0건 포함)로 상품 리스트 추출 실패","no_products_after_parse","","true","https://kr.roborock.com/search?q=%EC%8A%B5%EA%B1%B4%EC%8B%9D+%EC%B2%AD%EC%86%8C%EA%B8%B0","0","0","0",""
"Seagram","씨그램 피치 무라벨 탄산수,450ml,450ml,20개,20개","92296bc9-34a8-4575-a856-fe0caed91ab6","2026-02-12 12:18:08.354074+00","partial_success_bad_urls","url_mapping_stage","상품명/가격 파싱은 되었으나 URL이 검색/카테고리/섹션 링크로 매핑됨","ok","method_not_get","false","https://cokeplay.cocacola.co.kr/store/brand/seagrams","10","0","10","https://cokeplay.cocacola.co.kr/store/brand/seagrams"
"Senka","센카 퍼펙트 휩 페이셜 워시 클렌징 폼 120g 2p + 15g,1세트,1세트,255g,255g","acee65e8-533a-4103-972e-40b1a16c238a","2026-02-12 11:54:53.3477+00","failed_no_product_list","search_form_detection","검색폼 또는 검색 결과 URL 확정 실패","search_form_not_confirmed","","","","0","0","0",""
"Sensodyne","센소다인 멀티케어 민감성 치약 100g, 6개","aa17e6c8-babc-444c-b92c-52f547d78716","2026-02-12 11:25:54.387083+00","failed_no_product_list","search_form_detection","검색폼 또는 검색 결과 URL 확정 실패","search_form_not_confirmed","","","","0","0","0",""
"Sensodyne","[네이버단독]센소다인 베스트 치약 3종+치약 디스펜서","d7d35e29-dd24-4719-8931-dcf9cc0e77f7","2026-02-12 12:59:24.369622+00","success_detail_urls","","정상 수집","ok","input_not_found","false","https://brand.naver.com/sensodyne","10","10","0",""
"Shark","샤크 에보파워 핸디 무선 청소기 WV210KR,WV210KR,WV210KR,미드나잇블루,미드나잇블루","b0728d6a-b102-405e-aeb0-0a7eb5cf1560","2026-02-12 12:40:37.414169+00","partial_success_bad_urls","url_mapping_stage","상품명/가격 파싱은 되었으나 URL이 검색/카테고리/섹션 링크로 매핑됨","ok","","true","https://sharkninja.co.kr/product/search.html?keyword=%EB%AC%B4%EC%84%A0%EC%B2%AD%EC%86%8C%EA%B8%B0","5","0","5","https://sharkninja.co.kr/product/%EC%83%A4%ED%81%AC-%ED%8C%8C%EC%9B%8C-%ED%81%B4%EB%A6%B0-360-%EB%AC%B4%EC%84%A0%EC%B2%AD%EC%86%8C%EA%B8%B0-iw4271kr/131/category/53/display/1/"
"Singha","싱하 소다워터 탄산수,325ml,325ml,24개,24개","25cc758a-25db-4aef-aa28-fc22ee917ca4","2026-02-12 11:54:20.842631+00","failed_no_product_list","parse_after_confirmed_url","확정 URL까지는 갔지만 페이지 구조/결과 상태(0건 포함)로 상품 리스트 추출 실패","no_products_after_parse","input_not_found","false","https://www.instagram.com/accounts/login/?next=%2Fsinghasoda_kr%2F&source=omni_redirect","0","0","0",""
"Skippy","스키피 수퍼 청크 피넛 버터,1.36kg,1.36kg,2개,2개","d97550f3-1d73-4ccc-b0af-1c7c45c57c89","2026-02-12 11:04:22.20529+00","failed_no_product_list","parse_after_confirmed_url","확정 URL까지는 갔지만 페이지 구조/결과 상태(0건 포함)로 상품 리스트 추출 실패","no_products_after_parse","input_not_found","false","https://www.skippy.co.kr/","0","0","0",""
"Snickers","스니커즈 펀 사이즈 초콜릿,1.361kg,1.361kg,1개,1개","7cb734d8-2de0-44bd-af88-1134a83e3169","2026-02-12 12:50:14.656748+00","failed_no_product_list","parse_after_confirmed_url","확정 URL까지는 갔지만 페이지 구조/결과 상태(0건 포함)로 상품 리스트 추출 실패","no_products_after_parse","method_not_get","false","https://www.snickers.co.kr/","0","0","0",""
"Solimon","솔리몬 스퀴즈드 레몬즙,990ml,990ml,1개,1개","8f45c8ed-17c7-40b7-91a0-ddc2e023d7a9","2026-02-12 12:51:54.910551+00","failed_no_product_list","parse_after_confirmed_url","확정 URL까지는 갔지만 페이지 구조/결과 상태(0건 포함)로 상품 리스트 추출 실패","no_products_after_parse","input_not_found","false","https://www.solimon.com/ko/","0","0","0",""
"Spam","스팸 6C호 선물세트,1세트,1세트","1a3bacf7-b0f5-475d-a7b5-46bda5d51e02","2026-02-12 10:57:34.700355+00","failed_no_product_list","search_form_detection","검색폼 또는 검색 결과 URL 확정 실패","search_form_not_confirmed","","","","0","0","0",""
"Spam","스팸 선물세트 8C호 + 쇼핑백,5세트,5세트","84640b8d-2580-4f06-b9fe-bab4b1248997","2026-02-12 11:00:40.566876+00","failed_no_product_list","parse_after_confirmed_url","확정 URL까지는 갔지만 페이지 구조/결과 상태(0건 포함)로 상품 리스트 추출 실패","no_products_after_parse","","true","https://www.cjthemarket.com/pc/search?wid1=gnb_search&searchField=%EC%84%A0%EB%AC%BC%EC%84%B8%ED%8A%B8","0","0","0",""
"Spam","스팸 선물세트 1호 + 쇼핑백,4세트,4세트","618421a0-c882-4e62-9174-604ced36906f","2026-02-12 11:27:57.952642+00","failed_no_product_list","parse_after_confirmed_url","확정 URL까지는 갔지만 페이지 구조/결과 상태(0건 포함)로 상품 리스트 추출 실패","no_products_after_parse","","true","https://www.cjthemarket.com/pc/search?wid1=gnb_search&searchField=%EC%84%A0%EB%AC%BC%EC%84%B8%ED%8A%B8","0","0","0",""
"Spam","스팸 3C호 세트 + 쇼핑백,4세트,4세트","b78e152e-4bc8-40fa-8116-23471d160570","2026-02-12 13:20:06.939519+00","failed_no_product_list","parse_after_confirmed_url","확정 URL까지는 갔지만 페이지 구조/결과 상태(0건 포함)로 상품 리스트 추출 실패","no_products_after_parse","","true","https://www.cjthemarket.com/pc/search?wid1=gnb_search&searchField=3C%ED%98%B8+%EC%84%B8%ED%8A%B8","0","0","0",""
"Starbucks","스타벅스 드립백 커피 선물세트,9g,9g,15개입,15개입,1세트,1세트","513f92fa-6b38-4f83-a8cb-107e4fd4e74b","2026-02-12 13:25:08.131637+00","failed_no_product_list","parse_after_confirmed_url","확정 URL까지는 갔지만 페이지 구조/결과 상태(0건 포함)로 상품 리스트 추출 실패","no_products_after_parse","form_not_found","false","https://www.starbucks.co.kr/index.do","0","0","0",""
"Taster’s Choice","테이스터스초이스 오리지날 원두커피믹스,500g,500g,1개입,1개입,1개,1개","251c43cb-7fd5-4462-82fe-172f01baf3c1","2026-02-12 12:03:48.134685+00","failed_no_product_list","search_form_detection","검색폼 또는 검색 결과 URL 확정 실패","search_form_not_confirmed","","","","0","0","0",""
"Taster’s Choice","테이스터스초이스 오리지날 커피믹스,12g,12g,300개입,300개입,1개,1개","531b9731-cda7-4cac-821d-a2c38801acee","2026-02-12 12:42:01.467962+00","failed_no_product_list","search_form_detection","검색폼 또는 검색 결과 URL 확정 실패","search_form_not_confirmed","","","","0","0","0",""
"TCL","TCL 428L 4도어 냉장고 방문설치,P460CDW,P460CDW,화이트,화이트,화이트,화이트,화이트,화이트,화이트,화이트","8a8c49ae-72b0-4ccb-914c-e4cfb218f73f","2026-02-12 14:10:58.090945+00","failed_no_product_list","search_form_detection","검색폼 또는 검색 결과 URL 확정 실패","search_form_not_confirmed","","","","0","0","0",""
"Tefal","테팔 인덕션 티타늄 1X 메를로 팬 3종세트(FP24+FP28+WP28)","7df2ae21-ce8d-4a9b-8bad-39b79c5984ce","2026-02-12 11:55:51.269306+00","failed_no_product_list","parse_after_confirmed_url","확정 URL까지는 갔지만 페이지 구조/결과 상태(0건 포함)로 상품 리스트 추출 실패","no_products_after_parse","","true","https://www.tefal.co.kr/search?%21q=%ED%8C%AC","0","0","0",""
"Tefal","테팔 블렌드포스 플러스 블렌더 BL4258KR,BL4258KR,BL4258KR","1044ef5b-17ee-40f8-9585-95271d73fe85","2026-02-12 12:02:47.079496+00","failed_no_product_list","parse_after_confirmed_url","확정 URL까지는 갔지만 페이지 구조/결과 상태(0건 포함)로 상품 리스트 추출 실패","no_products_after_parse","","true","https://www.tefal.co.kr/search?%21q=%EB%B8%94%EB%A0%8C%EB%8D%94","0","0","0",""
"Tefal","[N단독구성] 테팔 매직핸즈 인덕션 스텐 트라이미 프라이팬 3종 세트","ddd48a66-fb28-4b0b-a8dd-83d26ad72d76","2026-02-12 12:31:36.316477+00","failed_no_product_list","parse_after_confirmed_url","확정 URL까지는 갔지만 페이지 구조/결과 상태(0건 포함)로 상품 리스트 추출 실패","no_products_after_parse","","true","https://www.tefal.co.kr/search?%21q=%ED%94%84%EB%9D%BC%EC%9D%B4%ED%8C%AC","0","0","0",""
"Tefal","[옵션] 테팔 인덕션 티타늄 2X 트라토리아 주물 프라이팬 24cm +option+ 01.프라이팬 24cm","5772adea-bca7-4975-999a-c45ddcb2b9ca","2026-02-12 13:39:28.094429+00","failed_no_product_list","parse_after_confirmed_url","확정 URL까지는 갔지만 페이지 구조/결과 상태(0건 포함)로 상품 리스트 추출 실패","no_products_after_parse","","true","https://www.tefal.co.kr/search?%21q=%ED%94%84%EB%9D%BC%EC%9D%B4%ED%8C%AC","0","0","0",""
"Tefal","테팔 티타늄 1X 퍼펙트 브라운 4종 프라이팬 세트","61d76bac-8c83-4e46-b652-457c7131a5c6","2026-02-12 14:33:55.205277+00","failed_no_product_list","parse_after_confirmed_url","확정 URL까지는 갔지만 페이지 구조/결과 상태(0건 포함)로 상품 리스트 추출 실패","no_products_after_parse","","true","https://www.tefal.co.kr/search?%21q=%ED%94%84%EB%9D%BC%EC%9D%B4%ED%8C%AC","0","0","0",""
"Tempur","[본사정품] 템퍼 접이식 매트리스 푸톤 Q_바닥용 3단 폴더블 매트","902a5161-915b-49d5-bfa7-b88b80f3ecc1","2026-02-12 13:59:46.162566+00","partial_success_bad_urls","url_mapping_stage","상품명/가격 파싱은 되었으나 URL이 검색/카테고리/섹션 링크로 매핑됨","ok","","true","https://kr.tempur.com/search?q=%ED%91%B8%ED%86%A4","2","0","2","https://kr.tempur.com/search?q=%ED%91%B8%ED%86%A4"
"Titleist","타이틀리스트 2025 PRO V1 더즌 골프공 3피스,화이트,화이트,12개입,12개입,1개,1개","f48bb327-d89a-45ce-b570-9f50d52436c0","2026-02-12 14:31:15.743632+00","failed_no_product_list","parse_after_confirmed_url","확정 URL까지는 갔지만 페이지 구조/결과 상태(0건 포함)로 상품 리스트 추출 실패","no_products_after_parse","input_not_found","false","https://www.titleist.co.kr/","0","0","0",""
"Toshiba","도시바 DT01 7200/64M (3TB, DT01ACA300)","d69a6f5d-0382-4963-96c7-2be74a895b0a","2026-02-12 12:24:35.008517+00","failed_no_product_list","search_form_detection","검색폼 또는 검색 결과 URL 확정 실패","search_form_not_confirmed","","","","0","0","0",""
"Toshiba","도시바 CANVIO READY (4TB)","51bd1662-0258-4a50-a402-495a9c88330d","2026-02-12 13:28:08.763913+00","failed_no_product_list","search_form_detection","검색폼 또는 검색 결과 URL 확정 실패","search_form_not_confirmed","","","","0","0","0",""
"UMAX","유맥스 FHD DLED TV,MX32F,MX32F,고객직접설치,고객직접설치,스탠드형,스탠드형,81cm(32인치),81cm(32인치)","6ce06f52-9346-4838-be5f-24c676af49cd","2026-02-12 13:11:07.911538+00","partial_success_bad_urls","url_mapping_stage","상품명/가격 파싱은 되었으나 URL이 검색/카테고리/섹션 링크로 매핑됨","ok","method_not_get","false","https://umaxmall.com/","10","0","10","https://umaxmall.com/"
"Uriage","유리아쥬 스틱레브르 오리지널 4G X 2개","c38fcdce-f727-4df7-87c6-1db56dd1ff84","2026-02-12 14:35:39.311203+00","failed_no_product_list","parse_after_confirmed_url","확정 URL까지는 갔지만 페이지 구조/결과 상태(0건 포함)로 상품 리스트 추출 실패","no_products_after_parse","input_not_found","false","http://www.uriage.co.kr/","0","0","0",""
"WD","WD NEW My Passport Gen3 5TB, 레드 +option+ 5TB::레드","9a8ce210-49f0-410d-a43e-bcbbcd24f462","2026-02-12 11:29:39.040094+00","failed_no_product_list","parse_after_confirmed_url","확정 URL까지는 갔지만 페이지 구조/결과 상태(0건 포함)로 상품 리스트 추출 실패","no_products_after_parse","all_probe_failed","false","https://www.westerndigital.com/ko-kr?q=%EC%99%B8%EC%9E%A5%ED%95%98%EB%93%9C","0","0","0",""
"WD","WD NEW My Passport Gen3 5TB, 화이트 +option+ 5TB::화이트","2dd25da2-af5c-4e12-8370-1827443bff86","2026-02-12 11:31:16.86254+00","failed_no_product_list","parse_after_confirmed_url","확정 URL까지는 갔지만 페이지 구조/결과 상태(0건 포함)로 상품 리스트 추출 실패","no_products_after_parse","all_probe_failed","false","https://www.westerndigital.com/ko-kr?q=%EC%99%B8%EC%9E%A5%ED%95%98%EB%93%9C","0","0","0",""
"WD","WD NEW My Passport Gen3 5TB, 블루 +option+ 5TB::블루","39498102-ded1-43e8-bd1c-b2200477b46a","2026-02-12 11:31:50.004848+00","failed_no_product_list","search_form_detection","검색폼 또는 검색 결과 URL 확정 실패","search_form_not_confirmed","","","","0","0","0",""
"WD","WD BLACK SN850X M.2 NVMe,1TB,1TB,WDS100T2X0E,WDS100T2X0E","5365dc6f-6c4e-459b-8ce9-42ac5c230baf","2026-02-12 11:34:31.201065+00","failed_no_product_list","parse_after_confirmed_url","확정 URL까지는 갔지만 페이지 구조/결과 상태(0건 포함)로 상품 리스트 추출 실패","no_products_after_parse","","true","https://www.sandisk.com/ko-kr?q=NVMe","0","0","0",""
"WD","웨스턴디지털 Ultrastar DC HC520 HDD,US7SAM120,US7SAM120,12TB,12TB","b11cb3d2-0c76-4869-876a-0e7bc8ec6bba","2026-02-12 11:37:06.590188+00","failed_no_product_list","parse_after_confirmed_url","확정 URL까지는 갔지만 페이지 구조/결과 상태(0건 포함)로 상품 리스트 추출 실패","no_products_after_parse","","true","https://www.westerndigital.com/ko-kr?q=HDD","0","0","0",""
"WD","WD Elements Portable 휴대용 외장하드 + 파우치,2TB,2TB,블랙,블랙","ec797a07-0ad0-4ed9-b218-938c283511c7","2026-02-12 13:48:16.16529+00","failed_no_product_list","parse_after_confirmed_url","확정 URL까지는 갔지만 페이지 구조/결과 상태(0건 포함)로 상품 리스트 추출 실패","no_products_after_parse","all_probe_failed","false","https://www.westerndigital.com/ko-kr/?q=External+HDD","0","0","0",""
"Weleda","벨레다 고불소 어린이치약,60g,60g,4개,4개","dbb718f6-6a2a-428a-a313-cf47dc8c39ee","2026-02-12 13:01:42.838191+00","failed_no_product_list","parse_after_confirmed_url","확정 URL까지는 갔지만 페이지 구조/결과 상태(0건 포함)로 상품 리스트 추출 실패","no_products_after_parse","","true","https://www.weleda.kr/search?searchKey=%EC%B9%98%EC%95%BD","0","0","0",""
"Wilson","윌슨 챔피온 테니스볼 2개입,라임,라임,36개,36개","24cc1778-427c-420d-97cb-b90982161065","2026-02-12 12:47:54.717111+00","success_detail_urls","","정상 수집","ok","","true","https://kr.wilson.com/search?q=%ED%85%8C%EB%8B%88%EC%8A%A4%EB%B3%BC","5","5","0",""
"Xbox","엑스박스 4세대 무선 컨트롤러 카본블랙,단일상품,단일상품,1개,1개","e1a802cf-86de-46f1-9b0b-459fdfa2e37b","2026-02-12 12:08:31.182392+00","partial_success_bad_urls","url_mapping_stage","상품명/가격 파싱은 되었으나 URL이 검색/카테고리/섹션 링크로 매핑됨","ok","","true","https://www.xbox.com/ko-kr/Search/Results?q=%EC%BB%A8%ED%8A%B8%EB%A1%A4%EB%9F%AC","8","0","8","https://www.xbox.com/ko-kr/Search/Results?q=Controller"
"Yamaha","야마하 신디사이저 MODX8+(플러스) PLUS","857847c2-5909-4ba9-a5c6-e59d7c19e583","2026-02-12 12:09:26.686344+00","failed_no_product_list","parse_after_confirmed_url","확정 URL까지는 갔지만 페이지 구조/결과 상태(0건 포함)로 상품 리스트 추출 실패","no_products_after_parse","all_probe_failed","false","https://kr.yamaha.com/ko/search/?words=Synthesizer","0","0","0",""
"Yamaha","야마하 신디사이저 MODX8+ YAMAHA MODX8 플러스 88건반","28c6adf2-4baa-4ad8-9769-cc7ad1f3aa4d","2026-02-12 13:23:10.68785+00","partial_success_bad_urls","url_mapping_stage","상품명/가격 파싱은 되었으나 URL이 검색/카테고리/섹션 링크로 매핑됨","ok","","true","https://shop.kr.yamaha.com/catalogsearch/result/?q=%EC%8B%A0%EB%94%94%EC%82%AC%EC%9D%B4%EC%A0%80","5","0","5","https://shop.kr.yamaha.com/catalogsearch/result/?q=%EC%8B%A0%EB%94%94%EC%82%AC%EC%9D%B4%EC%A0%80"
"Yamaha","야마하 전자 디지털 피아노 CLP-835 YAMAHA CLP835 +option+ 화이트 :: CLP-835","1d5b9007-d5a9-4092-a32c-2b2702a00ab5","2026-02-12 14:10:33.023772+00","failed_no_product_list","parse_after_confirmed_url","확정 URL까지는 갔지만 페이지 구조/결과 상태(0건 포함)로 상품 리스트 추출 실패","no_products_after_parse","all_probe_failed","false","https://kr.yamaha.com/ko/search/?words=Digital+Piano","0","0","0",""
"Zamst","잠스트 JK-BAND 무릎보호대,L,L,2개,2개,블랙,블랙","3052e05e-aede-44ad-9b71-2fa3f4430c5d","2026-02-12 11:47:05.561547+00","failed_no_product_list","parse_after_confirmed_url","확정 URL까지는 갔지만 페이지 구조/결과 상태(0건 포함)로 상품 리스트 추출 실패","no_products_after_parse","input_not_found","false","http://www.zamst.co.kr/","0","0","0",""
"Ziploc","지퍼락 지퍼백 소형 200p + 미니 100p,미니(XS),미니(XS),1세트,1세트","e0f1c8fd-6488-40e3-aedd-c25ba5aaaa4e","2026-02-12 14:04:02.600247+00","failed_no_product_list","search_form_detection","검색폼 또는 검색 결과 URL 확정 실패","search_form_not_confirmed","","","","0","0","0",""
"Zojirushi","조지루시 EE-DVH35K","12c73f84-cd68-4fb0-a33f-a2f2954aeb2e","2026-02-12 11:42:44.46732+00","failed_no_product_list","parse_after_confirmed_url","확정 URL까지는 갔지만 페이지 구조/결과 상태(0건 포함)로 상품 리스트 추출 실패","no_products_after_parse","input_not_found","false","https://www.zojirushi.co.kr/","0","0","0",""
