"brand","product_name_input","product_keyword1","product_keyword2","search_form_available","source_url","search_form_confirmed_url","item_rank","item_product_name","item_list_price","item_sale_price","item_url","item_image_src","item_keyword_used"
"Ziwi Peak","Air-Dried Beef Recipe","ì—ì–´ë“œë¼ì´ì†Œê³ ê¸°","Air-Dried Beef","false","https://ziwipets.co.kr/","","","","","","","",""
"Fazzini","Raso Sateen Duvet Cover","ì´ë¶ˆì»¤ë²„","Duvet Cover","false","https://www.fazzinihome.com","","","","","","","",""
"A.P.C.","Demi-Lune Bag","í•˜í”„ë¬¸ë°±","Demi-Lune","true","https://www.apcstore.com","https://www.apcstore.com/search?q=%ED%95%98%ED%94%84%EB%AC%B8%EB%B0%B1","1","Demi-Lune Mini bag","390.00 â‚¬","195.00 â‚¬","https://www.apcstore.com/products/demi-lune-mini-bag-lzz-pxawv-f61392","https://www.apcstore.com/cdn/shop/files/PXAWV-F61392LZZ_00.webp?v=1765534644&width=2070","Demi-Lune"
"A.P.C.","Demi-Lune Bag","í•˜í”„ë¬¸ë°±","Demi-Lune","true","https://www.apcstore.com","https://www.apcstore.com/search?q=%ED%95%98%ED%94%84%EB%AC%B8%EB%B0%B1","2","Demi-Lune bag","450.00 â‚¬","315.00 â‚¬","https://www.apcstore.com/products/demi-lune-bag-cai-pxcck-f61048","https://www.apcstore.com/cdn/shop/files/PXAWV-F61392LZZ_00.webp?v=1765534644&width=2070","Demi-Lune"
"A.P.C.","Demi-Lune Bag","í•˜í”„ë¬¸ë°±","Demi-Lune","true","https://www.apcstore.com","https://www.apcstore.com/search?q=%ED%95%98%ED%94%84%EB%AC%B8%EB%B0%B1","3","Demi-Lune bag","470.00 â‚¬","329.00 â‚¬","https://www.apcstore.com/products/demi-lune-bag-lzz-pxbvp-f61048","https://www.apcstore.com/cdn/shop/files/PXAWV-F61392LZZ_00.webp?v=1765534644&width=2070","Demi-Lune"
"A.P.C.","Demi-Lune Bag","í•˜í”„ë¬¸ë°±","Demi-Lune","true","https://www.apcstore.com","https://www.apcstore.com/search?q=%ED%95%98%ED%94%84%EB%AC%B8%EB%B0%B1","4","Demi-Lune Shoulder bag","410.00 â‚¬","","https://www.apcstore.com/products/demi-lune-shoulder-bag-rab-puacb-f61997","https://www.apcstore.com/cdn/shop/files/PXAWV-F61392LZZ_00.webp?v=1765534644&width=2070","Demi-Lune"
"A.P.C.","Demi-Lune Bag","í•˜í”„ë¬¸ë°±","Demi-Lune","true","https://www.apcstore.com","https://www.apcstore.com/search?q=%ED%95%98%ED%94%84%EB%AC%B8%EB%B0%B1","5","Demi-Lune Shoulder bag","410.00 â‚¬","","https://www.apcstore.com/products/demi-lune-shoulder-bag-lzz-pxcax-f61997","https://www.apcstore.com/cdn/shop/files/PXAWV-F61392LZZ_00.webp?v=1765534644&width=2070","Demi-Lune"
"Susanne Kaufmann","Enzyme Exfoliator","íš¨ì†Œ ê°ì§ˆ ì œê±°ì œ","Enzyme Exfoliator","true","https://www.susannekaufmann.com/","https://www.susannekaufmann.com/pages/search-results?q=%ED%9A%A8%EC%86%8C+%EA%B0%81%EC%A7%88+%EC%A0%9C%EA%B1%B0%EC%A0%9C","1","Enzyme Exfoliator","67â‚¬","","https://www.susannekaufmann.com/products/enzyme-exfoliator","https://www.susannekaufmann.com/cdn/shop/files/Packshot-EnzymeExfoliator50ml-open.jpg?v=1762360973&width=900","íš¨ì†Œ ê°ì§ˆ ì œê±°ì œ"
"Susanne Kaufmann","Enzyme Exfoliator","íš¨ì†Œ ê°ì§ˆ ì œê±°ì œ","Enzyme Exfoliator","true","https://www.susannekaufmann.com/","https://www.susannekaufmann.com/pages/search-results?q=%ED%9A%A8%EC%86%8C+%EA%B0%81%EC%A7%88+%EC%A0%9C%EA%B1%B0%EC%A0%9C","2","AHA Enzyme Body Lotion","68â‚¬","","https://www.susannekaufmann.com/products/aha-enzyme-body-lotion","https://www.susannekaufmann.com/cdn/shop/files/AHAEnzymeBodyLotion250ml.jpg?v=1762360970&width=1000","íš¨ì†Œ ê°ì§ˆ ì œê±°ì œ"
"Susanne Kaufmann","Enzyme Exfoliator","íš¨ì†Œ ê°ì§ˆ ì œê±°ì œ","Enzyme Exfoliator","true","https://www.susannekaufmann.com/","https://www.susannekaufmann.com/pages/search-results?q=%ED%9A%A8%EC%86%8C+%EA%B0%81%EC%A7%88+%EC%A0%9C%EA%B1%B0%EC%A0%9C","3","Advanced Anti-Ageing Rich Cream","110â‚¬","","https://www.susannekaufmann.com/products/advanced-anti-ageing-rich-cream","https://www.susannekaufmann.com/cdn/shop/files/Advanced_Anti_-_Ageing_Rich_Cream_-_Susanne_Kaufmann.png?v=1767595610&width=1000","íš¨ì†Œ ê°ì§ˆ ì œê±°ì œ"
"Susanne Kaufmann","Enzyme Exfoliator","íš¨ì†Œ ê°ì§ˆ ì œê±°ì œ","Enzyme Exfoliator","true","https://www.susannekaufmann.com/","https://www.susannekaufmann.com/pages/search-results?q=%ED%9A%A8%EC%86%8C+%EA%B0%81%EC%A7%88+%EC%A0%9C%EA%B1%B0%EC%A0%9C","4","Body Butter","70â‚¬","","https://www.susannekaufmann.com/products/body-butter","https://www.susannekaufmann.com/cdn/shop/files/Packshot-BodyButter200ml.jpg?v=1755775029&width=900","íš¨ì†Œ ê°ì§ˆ ì œê±°ì œ"
"Susanne Kaufmann","Enzyme Exfoliator","íš¨ì†Œ ê°ì§ˆ ì œê±°ì œ","Enzyme Exfoliator","true","https://www.susannekaufmann.com/","https://www.susannekaufmann.com/pages/search-results?q=%ED%9A%A8%EC%86%8C+%EA%B0%81%EC%A7%88+%EC%A0%9C%EA%B1%B0%EC%A0%9C","5","Hyaluron Serum","132â‚¬","","https://www.susannekaufmann.com/products/hyaluron-serum","https://www.susannekaufmann.com/cdn/shop/files/Packshot-Hyaluron_Serum_30ml_Susanne_Kaufmann.jpg?v=1763386350&width=900","íš¨ì†Œ ê°ì§ˆ ì œê±°ì œ"
"Byredo","Blanche Hand Cream","í•¸ë“œí¬ë¦¼","Hand Cream","true","https://www.byredo.com","https://www.byredo.com/eu_en?q=%ED%95%B8%EB%93%9C%ED%81%AC%EB%A6%BC","","","","","","",""
"BALMUDA","The Pure Air Purifier","ê³µê¸°ì²­ì •ê¸°","Air Purifier","true","https://www.balmuda.co.kr/","https://brand.naver.com/balmuda/search?q=%EA%B3%B5%EA%B8%B0%EC%B2%AD%EC%A0%95%EA%B8%B0","1","[ì„¤ ì„ ë¬¼] ë°œë®¤ë‹¤ ë” í“¨ì–´ ê³µê¸°ì²­ì •ê¸° í™”ì´íŠ¸ A01B","749,000ì›","529,000ì›","https://brand.naver.com/balmuda/products/4199161684","https://shop-phinf.pstatic.net/20260106_275/1767687319669SYFwz_JPEG/91538256597919_1104713766.jpg?type=f750_750","ê³µê¸°ì²­ì •ê¸°"
"BALMUDA","The Pure Air Purifier","ê³µê¸°ì²­ì •ê¸°","Air Purifier","true","https://www.balmuda.co.kr/","https://brand.naver.com/balmuda/search?q=%EA%B3%B5%EA%B8%B0%EC%B2%AD%EC%A0%95%EA%B8%B0","2","[ì„¤ ì„ ë¬¼] ë°œë®¤ë‹¤ ê³µê¸°ì²­ì •ê¸° í“¨ì–´ í•„í„°ì„¸íŠ¸ A01B","129,000ì›","","https://brand.naver.com/balmuda/products/4785796118","https://shop-phinf.pstatic.net/20240329_249/1711690494137x4Ryp_JPEG/112826392823660439_1915301620.jpg?type=f750_750","ê³µê¸°ì²­ì •ê¸°"
"BALMUDA","The Pure Air Purifier","ê³µê¸°ì²­ì •ê¸°","Air Purifier","true","https://www.balmuda.co.kr/","https://brand.naver.com/balmuda/search?q=%EA%B3%B5%EA%B8%B0%EC%B2%AD%EC%A0%95%EA%B8%B0","3","[ì„¤ ì„ ë¬¼] ë°œë®¤ë‹¤ ì—ì–´ì—”ì§„ ê³µê¸°ì²­ì •ê¸° í—¤íŒŒí•„í„°ì„¸íŠ¸","129,000ì›","","https://brand.naver.com/balmuda/products/5367257525","https://shop-phinf.pstatic.net/20240329_45/1711690475991dvlCm_JPEG/112826374689201253_1474081919.jpg?type=f750_750","ê³µê¸°ì²­ì •ê¸°"
"BALMUDA","The Pure Air Purifier","ê³µê¸°ì²­ì •ê¸°","Air Purifier","true","https://www.balmuda.co.kr/","https://brand.naver.com/balmuda/search?q=%EA%B3%B5%EA%B8%B0%EC%B2%AD%EC%A0%95%EA%B8%B0","4","ë°œë®¤ë‹¤ ë” í“¨ì–´ ê³µê¸°ì²­ì •ê¸° ë‹¤í¬ê·¸ë ˆì´","749,000ì›","","https://brand.naver.com/balmuda/products/4697339020","https://shop-phinf.pstatic.net/20191014_55/15710362656178IBjS_JPEG/8396100163834113_672400925.jpg?type=f750_750","ê³µê¸°ì²­ì •ê¸°"
"BALMUDA","The Pure Air Purifier","ê³µê¸°ì²­ì •ê¸°","Air Purifier","true","https://www.balmuda.co.kr/","https://brand.naver.com/balmuda/search?q=%EA%B3%B5%EA%B8%B0%EC%B2%AD%EC%A0%95%EA%B8%B0","5","BALMUDA The Pure, AirEngine [ë¶€ì†í’ˆ] AC ì–´ëŒ‘í„°","79,000ì›","","https://brand.naver.com/balmuda/products/11007861925","https://shop-phinf.pstatic.net/20241016_66/1729065907196vKzLM_JPEG/12698281023587945_1233512728.jpg?type=f750_750","ê³µê¸°ì²­ì •ê¸°"
"Stadler Form","Oskar Humidifier","ê°€ìŠµê¸°","Humidifier","true","https://www.stadlerform.com/en","https://www.stadlerform.com/en/search?search=%EA%B0%80%EC%8A%B5%EA%B8%B0","","","","","","",""
"Fellow","Stagg EKG Kettle","ì „ê¸°ë“œë¦½í¬íŠ¸","Electric Kettle","false","https://fellowproducts.com","","","","","","","",""
"Aarke","Carbonator 3","íƒ„ì‚°ìˆ˜ì œì¡°ê¸°","Carbonator","true","https://aarke.com/","https://aarke.com/search?q=%ED%83%84%EC%82%B0%EC%88%98%EC%A0%9C%EC%A1%B0%EA%B8%B0","1","Carbonator 3 Steel","210 EUR","","https://aarke.com/products/carbonator-3-steel?_pos=1&_sid=f3575af82&_ss=r","","Carbonator"
"Aarke","Carbonator 3","íƒ„ì‚°ìˆ˜ì œì¡°ê¸°","Carbonator","true","https://aarke.com/","https://aarke.com/search?q=%ED%83%84%EC%82%B0%EC%88%98%EC%A0%9C%EC%A1%B0%EA%B8%B0","2","Carbonator 3 Matte Black","210 EUR","","https://aarke.com/products/carbonator-3-matte-black?_pos=3&_sid=f3575af82&_ss=r","","Carbonator"
"Aarke","Carbonator 3","íƒ„ì‚°ìˆ˜ì œì¡°ê¸°","Carbonator","true","https://aarke.com/","https://aarke.com/search?q=%ED%83%84%EC%82%B0%EC%88%98%EC%A0%9C%EC%A1%B0%EA%B8%B0","3","Carbonator 3 Sand","210 EUR","","https://aarke.com/products/carbonator-3-sand?_pos=4&_sid=f3575af82&_ss=r","","Carbonator"
"Aarke","Carbonator 3","íƒ„ì‚°ìˆ˜ì œì¡°ê¸°","Carbonator","true","https://aarke.com/","https://aarke.com/search?q=%ED%83%84%EC%82%B0%EC%88%98%EC%A0%9C%EC%A1%B0%EA%B8%B0","4","Carbonator 3 Copper","210 EUR","","https://aarke.com/products/carbonator-3-copper?_pos=7&_sid=f3575af82&_ss=r","","Carbonator"
"Aarke","Carbonator 3","íƒ„ì‚°ìˆ˜ì œì¡°ê¸°","Carbonator","true","https://aarke.com/","https://aarke.com/search?q=%ED%83%84%EC%82%B0%EC%88%98%EC%A0%9C%EC%A1%B0%EA%B8%B0","5","Carbonator 3 Matte White","210 EUR","","https://aarke.com/products/carbonator-3-matte-white?_pos=8&_sid=f3575af82&_ss=r","","Carbonator"
"Solgar","Gentle Iron 25mg","ì² ë¶„","Gentle Iron","","","","","","","","","",""
"Thorne","Basic Nutrients 2/Day","ì¢…í•©ë¹„íƒ€ë¯¼","Basic Nutrients","false","https://www.thorne.com","","","","","","","",""
"Artemide","Tolomeo Tavolo","í†¨ë¡œë©”ì˜¤","Tolomeo","true","https://www.artemide.com","https://www.artemide.com/en/search?searchString=Tolomeo","","","","","","",""
"Flos","IC Lights T1","í…Œì´ë¸”ë¨í”„","IC Lights","true","https://flos.com","https://flos.com/on/demandware.store/Sites-FLOS-WO-Site/en_RW/Search-Show?q=%ED%85%8C%EC%9D%B4%EB%B8%94%EB%9E%A8%ED%94%84","","","","","","",""
"Ferm Living","Rico Lounge Chair","ë¼ìš´ì§€ ì˜ì","Lounge Chair","false","https://fermliving.com","","","","","","","",""
"Magis","Chair One","ì˜ì","Chair","false","https://www.magisdesign.com/","","","","","","","",""
"íŒŒí¬ê³¨í”„ì±„","í”¼ë‹‰ìŠ¤","íŒŒí¬ê³¨í”„ì±„","P-series","false","https://phoenixparkgolf.com/","","","","","","","",""
"ì…€ë ˆí‹°","dangling earrings","ê·€ê±¸ì´","dangling earrings","true","https://www.seletti.it","https://www.seletti.it/search?q=%EA%B7%80%EA%B1%B8%EC%9D%B4","1","SINK PLUNGER dangling earrings - Toiletpaper Jewels","â‚¬35,00 EUR","â‚¬35,00 EUR","https://www.seletti.it/products/sink-plunger-dangling-earrings-toiletpaper-jewels?_pos=1&_sid=88b6e8359&_ss=r","","dangling earrings"
"ì…€ë ˆí‹°","dangling earrings","ê·€ê±¸ì´","dangling earrings","true","https://www.seletti.it","https://www.seletti.it/search?q=%EA%B7%80%EA%B1%B8%EC%9D%B4","2","SHIT dangling earrings - Toiletpaper Jewels","â‚¬35,00 EUR","â‚¬35,00 EUR","https://www.seletti.it/products/shit-dangling-earrings-toiletpaper-jewels?_pos=12&_sid=88b6e8359&_ss=r","","dangling earrings"
"ì…€ë ˆí‹°","dangling earrings","ê·€ê±¸ì´","dangling earrings","true","https://www.seletti.it","https://www.seletti.it/search?q=%EA%B7%80%EA%B1%B8%EC%9D%B4","3","Memorabilia Mvsevm Ear","â‚¬75,00 EUR","â‚¬75,00 EUR","https://www.seletti.it/products/memorabilia-mvsevm-ear?_pos=11&_sid=88b6e8359&_ss=r","","dangling earrings"
"ì…€ë ˆí‹°","dangling earrings","ê·€ê±¸ì´","dangling earrings","true","https://www.seletti.it","https://www.seletti.it/search?q=%EA%B7%80%EA%B1%B8%EC%9D%B4","4","SHIT stud earrings - Toiletpaper Jewels","â‚¬32,00 EUR","â‚¬32,00 EUR","https://www.seletti.it/products/shit-stud-earrings-toiletpaper-jewels?_pos=4&_sid=88b6e8359&_ss=r","","dangling earrings"
"ë³´íƒ€ë‹ˆìŠ¤íŠ¸","ë³´íƒœë‹ˆì»¬ ìƒ´í‘¸","ìƒ´í‘¸","Botanical","true","https://botanist.co.kr/","https://botanist.co.kr/product/search.html?keyword=%EC%83%B4%ED%91%B8","1","ë³´íƒ€ë‹ˆìŠ¤íŠ¸ ë³´íƒœë‹ˆì»¬ ìƒ´í‘¸ ìŠ¤ë¬´ìŠ¤ ëŒ€ìš©ëŸ‰ ë¦¬í•„ 1200ml","80,000ì›","65,000ì›","https://botanist.co.kr/product/%EB%B3%B4%ED%83%80%EB%8B%88%EC%8A%A4%ED%8A%B8-%EB%B3%B4%ED%83%9C%EB%8B%88%EC%BB%AC-%EC%83%B4%ED%91%B8-%EC%8A%A4%EB%AC%B4%EC%8A%A4-%EB%8C%80%EC%9A%A9%EB%9F%89-%EB%A6%AC%ED%95%84-1200ml/51/category/49/display/1/","https://ecimg.cafe24img.com/pg1960b55184113078/ibrbotanist/web/product/medium/20251113/fe01dd71ee6aa788d65b896b8aa18f16.jpg","ìƒ´í‘¸"
"ë³´íƒ€ë‹ˆìŠ¤íŠ¸","ë³´íƒœë‹ˆì»¬ ìƒ´í‘¸","ìƒ´í‘¸","Botanical","true","https://botanist.co.kr/","https://botanist.co.kr/product/search.html?keyword=%EC%83%B4%ED%91%B8","2","ë³´íƒ€ë‹ˆìŠ¤íŠ¸ ë³´íƒœë‹ˆì»¬ ìƒ´í‘¸ ëª¨ì´ìŠ¤íŠ¸ ëŒ€ìš©ëŸ‰ ë¦¬í•„ 1200ml","80,000ì›","65,000ì›","https://botanist.co.kr/product/%EB%B3%B4%ED%83%80%EB%8B%88%EC%8A%A4%ED%8A%B8-%EB%B3%B4%ED%83%9C%EB%8B%88%EC%BB%AC-%EC%83%B4%ED%91%B8-%EB%AA%A8%EC%9D%B4%EC%8A%A4%ED%8A%B8-%EB%8C%80%EC%9A%A9%EB%9F%89-%EB%A6%AC%ED%95%84-1200ml/50/category/49/display/1/","https://ecimg.cafe24img.com/pg1960b55184113078/ibrbotanist/web/product/medium/20251113/b93b829b8e50314f93995748dcbc0c15.jpg","ìƒ´í‘¸"
"ë³´íƒ€ë‹ˆìŠ¤íŠ¸","ë³´íƒœë‹ˆì»¬ ìƒ´í‘¸","ìƒ´í‘¸","Botanical","true","https://botanist.co.kr/","https://botanist.co.kr/product/search.html?keyword=%EC%83%B4%ED%91%B8","3","ë³´íƒ€ë‹ˆìŠ¤íŠ¸ ë³´íƒœë‹ˆì»¬ ìƒ´í‘¸ ìŠ¤ì¹¼í”„ í´ë Œì € ë¦¬í•„ 400ml","35,000ì›","27,000ì›","https://botanist.co.kr/product/%EB%B3%B4%ED%83%80%EB%8B%88%EC%8A%A4%ED%8A%B8-%EB%B3%B4%ED%83%9C%EB%8B%88%EC%BB%AC-%EC%83%B4%ED%91%B8-%EC%8A%A4%EC%B9%BC%ED%94%84-%ED%81%B4%EB%A0%8C%EC%A0%80-%EB%A6%AC%ED%95%84-400ml/49/category/49/display/1/","https://ecimg.cafe24img.com/pg1960b55184113078/ibrbotanist/web/product/medium/20251113/5b70f9861da1b0dbeb828fd78359b68f.jpg","ìƒ´í‘¸"
"ë³´íƒ€ë‹ˆìŠ¤íŠ¸","ë³´íƒœë‹ˆì»¬ ìƒ´í‘¸","ìƒ´í‘¸","Botanical","true","https://botanist.co.kr/","https://botanist.co.kr/product/search.html?keyword=%EC%83%B4%ED%91%B8","4","ë³´íƒ€ë‹ˆìŠ¤íŠ¸ ë³´íƒœë‹ˆì»¬ ìƒ´í‘¸ ë°”ìš´ìŠ¤ë³¼ë¥¨ ë¦¬í•„ 400ml","35,000ì›","27,000ì›","https://botanist.co.kr/product/%EB%B3%B4%ED%83%80%EB%8B%88%EC%8A%A4%ED%8A%B8-%EB%B3%B4%ED%83%9C%EB%8B%88%EC%BB%AC-%EC%83%B4%ED%91%B8-%EB%B0%94%EC%9A%B4%EC%8A%A4%EB%B3%BC%EB%A5%A8-%EB%A6%AC%ED%95%84-400ml/48/category/49/display/1/","https://ecimg.cafe24img.com/pg1960b55184113078/ibrbotanist/web/product/medium/20251113/16b262780f8e2f7a48f5a36fc82b0554.jpg","ìƒ´í‘¸"
"ë³´íƒ€ë‹ˆìŠ¤íŠ¸","ë³´íƒœë‹ˆì»¬ ìƒ´í‘¸","ìƒ´í‘¸","Botanical","true","https://botanist.co.kr/","https://botanist.co.kr/product/search.html?keyword=%EC%83%B4%ED%91%B8","5","ë³´íƒ€ë‹ˆìŠ¤íŠ¸ ë³´íƒœë‹ˆì»¬ ìƒ´í‘¸ ë°ë¯¸ì§€ì¼€ì–´ ë¦¬í•„ 400ml","35,000ì›","27,000ì›","https://botanist.co.kr/product/%EB%B3%B4%ED%83%80%EB%8B%88%EC%8A%A4%ED%8A%B8-%EB%B3%B4%ED%83%9C%EB%8B%88%EC%BB%AC-%EC%83%B4%ED%91%B8-%EB%8D%B0%EB%AF%B8%EC%A7%80%EC%BC%80%EC%96%B4-%EB%A6%AC%ED%95%84-400ml/47/category/49/display/1/","https://ecimg.cafe24img.com/pg1960b55184113078/ibrbotanist/web/product/medium/20251113/67bca6a96791d5df817ee374134296b4.jpg","ìƒ´í‘¸"
"ì²­ë‹´ë‰´íŠ¸ë¦¬ì…˜","í¬ìŠ¤íŒŒí‹°ë”œì„¸ë¦°","ì¸ì§€ëŠ¥ë ¥ì¼€ì–´","2g","false","https://chungdamnutrition.com","","","","","","","",""
"ë‹¥í„°ë‹¤ë‹ˆì—˜","ì»¤íë¯¼","ë¦¬í¬ì¢€ì»¤íë¯¼","SAT","true","https://dr-daniel.co.kr/","https://dr-daniel.co.kr/product/search.html?keyword=%EB%A6%AC%ED%8F%AC%EC%A2%80%EC%BB%A4%ED%81%90%EB%AF%BC","1","ğŸ”’ì‹œí¬ë¦¿ì½”ë“œğŸ”’ìˆ˜ìš©ì„± ë¦¬í¬ì¢€ ì»¤íë¯¼ í”ŒëŸ¬ìŠ¤ í”¼í˜ë¦° SAT 1ë°•ìŠ¤ (600mgX30ì •)","29,900ì›","9,900ì›","https://dr-daniel.co.kr/product/%F0%9F%94%92%EC%8B%9C%ED%81%AC%EB%A6%BF%EC%BD%94%EB%93%9C%F0%9F%94%92%EC%88%98%EC%9A%A9%EC%84%B1-%EB%A6%AC%ED%8F%AC%EC%A2%80-%EC%BB%A4%ED%81%90%EB%AF%BC-%ED%94%8C%EB%9F%AC%EC%8A%A4-%ED%94%BC%ED%8E%98%EB%A6%B0-sat-1%EB%B0%95%EC%8A%A4-600mgx30%EC%A0%95/76/category/81/display/1/","https://dr-daniel.co.kr/web/product/medium/202511/d27784751ada131288afe0e08c625bfa.png","SAT"
"ë‹¥í„°ë‹¤ë‹ˆì—˜","ì»¤íë¯¼","ë¦¬í¬ì¢€ì»¤íë¯¼","SAT","true","https://dr-daniel.co.kr/","https://dr-daniel.co.kr/product/search.html?keyword=%EB%A6%AC%ED%8F%AC%EC%A2%80%EC%BB%A4%ED%81%90%EB%AF%BC","2","ìˆ˜ìš©ì„± ë¦¬í¬ì¢€ ì»¤íë¯¼ í”ŒëŸ¬ìŠ¤ í”¼í˜ë¦° SAT 1ë°•ìŠ¤ (600mgX30ì •)","29,900ì›","9,900ì›","https://dr-daniel.co.kr/product/%EC%88%98%EC%9A%A9%EC%84%B1-%EB%A6%AC%ED%8F%AC%EC%A2%80-%EC%BB%A4%ED%81%90%EB%AF%BC-%ED%94%8C%EB%9F%AC%EC%8A%A4-%ED%94%BC%ED%8E%98%EB%A6%B0-sat-1%EB%B0%95%EC%8A%A4-600mgx30%EC%A0%95/74/category/53/display/1/","https://dr-daniel.co.kr/web/product/medium/202503/be05707599bd6c452bd78f34ce64c375.jpg","SAT"
"ì•„ë‚ ë¡œê·¸í‚¤í¼","íƒ€ì„ë¡œê·¸ ë‹¤ì´ì–´ë¦¬","íƒ€ì„ë¡œê·¸","Timelog","true","https://analoguekeeper.com","https://brand.naver.com/analoguekeeper/search?q=%ED%83%80%EC%9E%84%EB%A1%9C%EA%B7%B8","1","Logue book A6 ë¡œê·¸ë¶ A6","15,000ì›","3,000ì›","https://brand.naver.com/analoguekeeper/products/5945389916","https://shop-phinf.pstatic.net/20250226_72/1740565170163By4Jv_PNG/44077707085118791_771049375.png?type=f750_750","íƒ€ì„ë¡œê·¸"
"ì•„ë‚ ë¡œê·¸í‚¤í¼","íƒ€ì„ë¡œê·¸ ë‹¤ì´ì–´ë¦¬","íƒ€ì„ë¡œê·¸","Timelog","true","https://analoguekeeper.com","https://brand.naver.com/analoguekeeper/search?q=%ED%83%80%EC%9E%84%EB%A1%9C%EA%B7%B8","2","[ì¤‘ê³ ] [B-grade] 2026 Daily diary ë°ì¼ë¦¬ ë‹¤ì´ì–´ë¦¬","12,000ì›","3,000ì›","https://brand.naver.com/analoguekeeper/products/13001296415","https://shop-phinf.pstatic.net/20251112_180/1762927943695wMzBK_PNG/17626244748130747_120929021.png?type=f750_750","íƒ€ì„ë¡œê·¸"
"ì•„ë‚ ë¡œê·¸í‚¤í¼","íƒ€ì„ë¡œê·¸ ë‹¤ì´ì–´ë¦¬","íƒ€ì„ë¡œê·¸","Timelog","true","https://analoguekeeper.com","https://brand.naver.com/analoguekeeper/search?q=%ED%83%80%EC%9E%84%EB%A1%9C%EA%B7%B8","3","Handy diary í•¸ë”” ë‹¤ì´ì–´ë¦¬ 6ê°œì›”","11,000ì›","3,000ì›","https://brand.naver.com/analoguekeeper/products/4682106490","https://shop-phinf.pstatic.net/20250611_80/1749615337931T4RqY_JPEG/22123564837725708_1713329368.jpg?type=f750_750","íƒ€ì„ë¡œê·¸"
"ì•„ë‚ ë¡œê·¸í‚¤í¼","íƒ€ì„ë¡œê·¸ ë‹¤ì´ì–´ë¦¬","íƒ€ì„ë¡œê·¸","Timelog","true","https://analoguekeeper.com","https://brand.naver.com/analoguekeeper/search?q=%ED%83%80%EC%9E%84%EB%A1%9C%EA%B7%B8","4","PVC ì»¤ë²„ B6(ë¡œê·¸ë¶B6, 26 Daily í˜¸í™˜)","4,500ì›","3,000ì›","https://brand.naver.com/analoguekeeper/products/5945667880","https://shop-phinf.pstatic.net/20260130_42/1769732607141Dn8Mp_PNG/103865522201749708_1923957561.png?type=f750_750","íƒ€ì„ë¡œê·¸"
"ì•„ë‚ ë¡œê·¸í‚¤í¼","íƒ€ì„ë¡œê·¸ ë‹¤ì´ì–´ë¦¬","íƒ€ì„ë¡œê·¸","Timelog","true","https://analoguekeeper.com","https://brand.naver.com/analoguekeeper/search?q=%ED%83%80%EC%9E%84%EB%A1%9C%EA%B7%B8","5","Sticky tracker Week ìŠ¤í‹°í‚¤ íŠ¸ë˜ì»¤ ìœ„í¬","5,500ì›","3,000ì›","https://brand.naver.com/analoguekeeper/products/12410273461","https://shop-phinf.pstatic.net/20250918_11/1758182045938wxj4G_PNG/31156398753252496_19018574.png?type=f750_750","íƒ€ì„ë¡œê·¸"
"ì•ˆë‹¤ë¥´","ì—ì–´ì¿¨ë§ ë ˆê¹…ìŠ¤","ì—ì–´ì¿¨ë§","Lycra","false","https://andar.co.kr","","","","","","","",""
"ë“œíŒŒìš´ë“œ","í´ë˜ì‹ ë¡œê³  ìˆ„ë”ë°±","ìˆ„ë”ë°±","Shoulder Bag","true","https://depound.com","https://depound.com/product/search.html?keyword=%EC%88%84%EB%8D%94%EB%B0%B1","1","bay net bag (shoulder) - brown (L)","158,000","","https://depound.com/product/list.html?cate_no=133","","ìˆ„ë”ë°±"
"ë“œíŒŒìš´ë“œ","í´ë˜ì‹ ë¡œê³  ìˆ„ë”ë°±","ìˆ„ë”ë°±","Shoulder Bag","true","https://depound.com","https://depound.com/product/search.html?keyword=%EC%88%84%EB%8D%94%EB%B0%B1","2","airy net bag (shoulder) - black (M)","138,000","","https://depound.com/product/list.html?cate_no=133","","ìˆ„ë”ë°±"
"ë“œíŒŒìš´ë“œ","í´ë˜ì‹ ë¡œê³  ìˆ„ë”ë°±","ìˆ„ë”ë°±","Shoulder Bag","true","https://depound.com","https://depound.com/product/search.html?keyword=%EC%88%84%EB%8D%94%EB%B0%B1","3","square bag (shoulder) - black (S)","118,000","","https://depound.com/product/list.html?cate_no=133","","ìˆ„ë”ë°±"
"ë“œíŒŒìš´ë“œ","í´ë˜ì‹ ë¡œê³  ìˆ„ë”ë°±","ìˆ„ë”ë°±","Shoulder Bag","true","https://depound.com","https://depound.com/product/search.html?keyword=%EC%88%84%EB%8D%94%EB%B0%B1","4","didi bag (shoulder) - black","118,000","","https://depound.com/product/list.html?cate_no=133","","ìˆ„ë”ë°±"
"ë“œíŒŒìš´ë“œ","í´ë˜ì‹ ë¡œê³  ìˆ„ë”ë°±","ìˆ„ë”ë°±","Shoulder Bag","true","https://depound.com","https://depound.com/product/search.html?keyword=%EC%88%84%EB%8D%94%EB%B0%B1","5","town bag (bucket shoulder) - herringbone ivory","178,000","","https://depound.com/product/list.html?cate_no=133","","ìˆ„ë”ë°±"
"ë¹„í”Œë ˆì¸","ì‹œì¹´í’€ ì•°í”Œ","ì‹œì¹´í’€","","false","https://www.beplain.co.kr","","","","","","","",""
"ì•„ë Œì‹œì•„","í”„ë ˆì‹œ ê·¸ë¦° ë–¡ì†","í´ë Œì €ë–¡ì†","Fresh","true","https://arencia.com/","https://brand.naver.com/arencia/search?q=%ED%81%B4%EB%A0%8C%EC%A0%80%EB%96%A1%EC%86%9D","1","ì•„ë Œì‹œì•„ í”„ë ˆì‹œ í´ë Œì € 120g 3ì¢…(ì¹´ë Œë“ˆë¼/ë¼ì´ìŠ¤/ë¸”ë™)","69,000ì›","57,270ì›","https://brand.naver.com/arencia/products/11887365564","https://shop-phinf.pstatic.net/20250228_245/1740708698992Uaczn_JPEG/65492492970364080_708237105.jpg?type=f750_750","í´ë Œì €ë–¡ì†"
"ì•„ë Œì‹œì•„","í”„ë ˆì‹œ ê·¸ë¦° ë–¡ì†","í´ë Œì €ë–¡ì†","Fresh","true","https://arencia.com/","https://brand.naver.com/arencia/search?q=%ED%81%B4%EB%A0%8C%EC%A0%80%EB%96%A1%EC%86%9D","2","ì•„ë Œì‹œì•„ í”„ë ˆì‹œ ë–¡ì† í´ë Œì € 120g 5ê°œ","115,000ì›","70,000ì›","https://brand.naver.com/arencia/products/11240208718","https://shop-phinf.pstatic.net/20250228_245/1740708698992Uaczn_JPEG/65492492970364080_708237105.jpg?type=f750_750","í´ë Œì €ë–¡ì†"
"ì•„ë Œì‹œì•„","í”„ë ˆì‹œ ê·¸ë¦° ë–¡ì†","í´ë Œì €ë–¡ì†","Fresh","true","https://arencia.com/","https://brand.naver.com/arencia/search?q=%ED%81%B4%EB%A0%8C%EC%A0%80%EB%96%A1%EC%86%9D","3","ë¸”ë™í—¤ë“œ ëª¨ê³µ íŒ© í´ë Œì§• íŒ©íˆ¬í¼ ì•„ë Œì‹œì•„ í”„ë ˆì‹œ ê·¸ë¦° ë–¡ì† í´ë Œì € 120ml, 1ê°œ","23,000ì›","19,600ì›","https://brand.naver.com/arencia/products/10325026716","https://shop-phinf.pstatic.net/20250904_277/1756966654817Wzxlx_JPEG/19947757359706533_308623033.jpg?type=f750_750","í´ë Œì €ë–¡ì†"
"ì•„ë Œì‹œì•„","í”„ë ˆì‹œ ê·¸ë¦° ë–¡ì†","í´ë Œì €ë–¡ì†","Fresh","true","https://arencia.com/","https://brand.naver.com/arencia/search?q=%ED%81%B4%EB%A0%8C%EC%A0%80%EB%96%A1%EC%86%9D","4","ë¸”ë™í—¤ë“œ ëª¨ê³µ íŒ© í´ë Œì§• íŒ©íˆ¬í¼ ì•„ë Œì‹œì•„ í”„ë ˆì‹œ ê·¸ë¦° ë–¡ì† í´ë Œì € 120ml, 2ê°œ","46,000ì›","38,180ì›","https://brand.naver.com/arencia/products/11763481707","https://shop-phinf.pstatic.net/20250904_277/1756966654817Wzxlx_JPEG/19947757359706533_308623033.jpg?type=f750_750","í´ë Œì €ë–¡ì†"
"ì•„ë Œì‹œì•„","í”„ë ˆì‹œ ê·¸ë¦° ë–¡ì†","í´ë Œì €ë–¡ì†","Fresh","true","https://arencia.com/","https://brand.naver.com/arencia/search?q=%ED%81%B4%EB%A0%8C%EC%A0%80%EB%96%A1%EC%86%9D","5","íŒ©í´ë Œì € í¼í´ë Œì§• ëª¨ê³µì¼€ì–´ ê·¸ë¦° ì•„ë¥´í‹°ì¥ ìŠ¤í‚¨ ë¶€ìŠ¤íŒ… ë–¡ì† í´ë Œì € 120g","43,000ì›","24,070ì›","https://brand.naver.com/arencia/products/10865028854","https://shop-phinf.pstatic.net/20240925_161/17272433058514BJXS_JPEG/11072296730353045_1934144995.jpg?type=f750_750","í´ë Œì €ë–¡ì†"
"ë£¨ë©”ë‚˜","FAN PRIME 3 ë¬´ì„ ì„ í’ê¸°","ë¬´ì„ ì„ í’ê¸°","FAN PRIME 3","true","https://lumena.co.kr","https://lumena.co.kr/product/search.html?keyword=FAN+PRIME+3","1","ë£¨ë©”ë‚˜ ë¬´ì„  ì¨í˜ë ˆì´í„° FAN PRIME 3","66,000ì›","57,900ì›","https://lumena.co.kr/product/%EB%A3%A8%EB%A9%94%EB%82%98-%EB%AC%B4%EC%84%A0-%EC%8D%A8%ED%81%98%EB%A0%88%EC%9D%B4%ED%84%B0-fan-prime-3/355/category/42/display/1/","https://lumena.co.kr/web/product/medium/202504/b227ebbc6cf8b6ad72c7f6501e4dfe9b.jpg","ë¬´ì„ ì„ í’ê¸°"
"ë¯¸ë¡œ","MH7000 ì´ˆìŒíŒŒ ê°€ìŠµê¸°","ì´ˆìŒíŒŒ ê°€ìŠµê¸°","MH7000","true","https://www.gomiro.com","https://www.gomiro.com/goods/goods_search.php?keyword=%EC%B4%88%EC%9D%8C%ED%8C%8C+%EA%B0%80%EC%8A%B5%EA%B8%B0","1","ë¯¸ë¡œ ì„¸ì²™ì´ì§€ í”„ë¦¬ë¯¸ì—„ ìŠ¤í…Œì¸ë¦¬ìŠ¤UVì‚´ê·  IoT ê°€ìŠµê¸° MH7000","299,000ì›","249,000ì›","https://www.gomiro.com/goods/goods_list.php?cateCd=030004","https://cdn-pro-web-152-57.cdn-nhncommerce.com/gomiro1_godomall_com/data/skin/front/0783nordic_haus/img/mimg/top_cate_ban_02.jpg","ì´ˆìŒíŒŒ ê°€ìŠµê¸°"
"ë¯¸ë¡œ","MH7000 ì´ˆìŒíŒŒ ê°€ìŠµê¸°","ì´ˆìŒíŒŒ ê°€ìŠµê¸°","MH7000","true","https://www.gomiro.com","https://www.gomiro.com/goods/goods_search.php?keyword=%EC%B4%88%EC%9D%8C%ED%8C%8C+%EA%B0%80%EC%8A%B5%EA%B8%B0","2","[ë¦¬í¼ë§ˆì¼“] ì™„ë²½ì„¸ì²™ UVì‚´ê·  ëŒ€ìš©ëŸ‰ ê°€ìŠµê¸° MH7000 3ì„¸ëŒ€ ë¦¬í¼ (ioT ë¯¸í¬í•¨)","299,000ì›","169,000ì›","https://www.gomiro.com/goods/goods_list.php?cateCd=036001","https://cdn-pro-web-152-57.cdn-nhncommerce.com/gomiro1_godomall_com/data/skin/front/0783nordic_haus/img/mimg/top_cate_ban_07.jpg","ì´ˆìŒíŒŒ ê°€ìŠµê¸°"
"ë¯¸ë¡œ","MH7000 ì´ˆìŒíŒŒ ê°€ìŠµê¸°","ì´ˆìŒíŒŒ ê°€ìŠµê¸°","MH7000","true","https://www.gomiro.com","https://www.gomiro.com/goods/goods_search.php?keyword=%EC%B4%88%EC%9D%8C%ED%8C%8C+%EA%B0%80%EC%8A%B5%EA%B8%B0","3","[ë¦¬í¼ë§ˆì¼“] ì™„ë²½ì„¸ì²™ UVì‚´ê·  ëŒ€ìš©ëŸ‰ ê°€ìŠµê¸° MH7000 2ì„¸ëŒ€ ë¦¬í¼ (ioT í¬í•¨)","299,000ì›","149,000ì›","https://www.gomiro.com/goods/goods_list.php?cateCd=036001","https://cdn-pro-web-152-57.cdn-nhncommerce.com/gomiro1_godomall_com/data/skin/front/0783nordic_haus/img/mimg/top_cate_ban_07.jpg","ì´ˆìŒíŒŒ ê°€ìŠµê¸°"
"ë¯¸ë¡œ","MH7000 ì´ˆìŒíŒŒ ê°€ìŠµê¸°","ì´ˆìŒíŒŒ ê°€ìŠµê¸°","MH7000","true","https://www.gomiro.com","https://www.gomiro.com/goods/goods_search.php?keyword=%EC%B4%88%EC%9D%8C%ED%8C%8C+%EA%B0%80%EC%8A%B5%EA%B8%B0","4","[26ë…„í˜• ì‹ ì œí’ˆ] ë¯¸ë¡œ ê°„í¸ì„¸ì²™ 4L ë¬´ë“œë“± ì´ˆìŒíŒŒ ê°€ìŠµê¸° MH-mini","49,900ì›","34,900ì›","https://www.gomiro.com/goods/goods_list.php?cateCd=030006","https://cdn-pro-web-152-57.cdn-nhncommerce.com/gomiro1_godomall_com/data/skin/front/0783nordic_haus/img/mimg/top_cate_ban_02.jpg","ì´ˆìŒíŒŒ ê°€ìŠµê¸°"
"ë³´ì•„ë¥´","V30 ì—ì–´í”„ë¼ì´ì–´","ì—ì–´í”„ë¼ì´ì–´","V30","","","","","","","","","",""
"ì˜¤ì¿ ","ìŠ¬ë¦¼ ì‹í’ˆê±´ì¡°ê¸°","ì‹í’ˆê±´ì¡°ê¸°","Slim","true","https://ocoo.co.kr/","https://ocoo.co.kr/product/search.html?keyword=%EC%8B%9D%ED%92%88%EA%B1%B4%EC%A1%B0%EA%B8%B0","","","","","","",""
"íŠ¸ë£¨ì—”","ì˜¤ë©”ê°€3 ë§¥ìŠ¤","ì˜¤ë©”ê°€3","Max","true","https://truenmall.com/","https://truenmall.com/product/search.html?keyword=%EC%98%A4%EB%A9%94%EA%B0%803","1","íŠ¸ë£¨ì—” ì˜¤ì— ë¹„(ì˜¤ë©”ê°€3+ë§ˆê·¸ë„¤ìŠ˜+ë¹„íƒ€ë¯¼B)","62,000ì›","52,000ì›","https://truenmall.com/product/%ED%8A%B8%EB%A3%A8%EC%97%94-%EC%98%A4%EC%97%A0%EB%B9%84%EC%98%A4%EB%A9%94%EA%B0%803%EB%A7%88%EA%B7%B8%EB%84%A4%EC%8A%98%EB%B9%84%ED%83%80%EB%AF%BCb/68/category/24/display/1/","https://ecimg.cafe24img.com/pg111b76739594076/truelab1/web/product/medium/20260105/c513a408079677d5f5367d142503f5b4.jpg","ì˜¤ë©”ê°€3"
"íŠ¸ë£¨ì—”","ì˜¤ë©”ê°€3 ë§¥ìŠ¤","ì˜¤ë©”ê°€3","Max","true","https://truenmall.com/","https://truenmall.com/product/search.html?keyword=%EC%98%A4%EB%A9%94%EA%B0%803","2","íŠ¸ë£¨ì—” ì´ˆì„ê³„ ì•Œí‹°ì§€ì˜¤ë©”ê°€3, ì´ˆë¡ì´","85,000ì›","75,000ì›","https://truenmall.com/product/%ED%8A%B8%EB%A3%A8%EC%97%94-%EC%B4%88%EC%9E%84%EA%B3%84-%EC%95%8C%ED%8B%B0%EC%A7%80%EC%98%A4%EB%A9%94%EA%B0%803-%EC%B4%88%EB%A1%9D%EC%9D%B4/19/category/24/display/1/","https://ecimg.cafe24img.com/pg111b76739594076/truelab1/web/product/medium/20260210/cbe7979a68c9d05c88d3d016ab4fdaa5.jpg","ì˜¤ë©”ê°€3"
"íŠ¸ë£¨ì—”","ì˜¤ë©”ê°€3 ë§¥ìŠ¤","ì˜¤ë©”ê°€3","Max","true","https://truenmall.com/","https://truenmall.com/product/search.html?keyword=%EC%98%A4%EB%A9%94%EA%B0%803","3","íŠ¸ë£¨ì—” ì´ˆì„ê³„ ì•Œí‹°ì§€ì˜¤ë©”ê°€3 í´ë¼ë¦¬ìŠ¤ ì´ì§€","40,000ì›","","https://truenmall.com/product/%ED%8A%B8%EB%A3%A8%EC%97%94-%EC%B4%88%EC%9E%84%EA%B3%84-%EC%95%8C%ED%8B%B0%EC%A7%80%EC%98%A4%EB%A9%94%EA%B0%803-%ED%8F%B4%EB%9D%BC%EB%A6%AC%EC%8A%A4-%EC%9D%B4%0D%0A%EC%A7%80/16/category/24/display/1/","https://ecimg.cafe24img.com/pg111b76739594076/truelab1/web/product/medium/20260211/019cd695f076a688ec55f019309cf2f3.jpg","ì˜¤ë©”ê°€3"
"íŠ¸ë£¨ì—”","ì˜¤ë©”ê°€3 ë§¥ìŠ¤","ì˜¤ë©”ê°€3","Max","true","https://truenmall.com/","https://truenmall.com/product/search.html?keyword=%EC%98%A4%EB%A9%94%EA%B0%803","4","íŠ¸ë£¨ì—” ì•Œí‹°ì§€ì˜¤ë©”ê°€3, ì•Œë˜ìŠ¤ì¹´ íŒŒë‘ì´","78,000ì›","68,000ì›","https://truenmall.com/product/%ED%8A%B8%EB%A3%A8%EC%97%94-%EC%95%8C%ED%8B%B0%EC%A7%80%EC%98%A4%EB%A9%94%EA%B0%803-%EC%95%8C%EB%9E%98%EC%8A%A4%EC%B9%B4-%ED%8C%8C%EB%9E%91%EC%9D%B4/13/category/24/display/1/","https://ecimg.cafe24img.com/pg111b76739594076/truelab1/web/product/medium/20260115/6c237391733e780f4e5aa3a516d3682e.jpg","ì˜¤ë©”ê°€3"
"ë‰´íŠ¸ë¦¬ì½”ì–´","ë¹„íƒ€ë¯¼D","ë¹„íƒ€ë¯¼D","Vitamin D","false","https://nutricore.co.kr","","","","","","","",""
"ë£¨ë¯¸ë¥´","LUMIR C ë¬´ë“œ ë¨í”„","ë¬´ë“œë¨í”„","C","true","https://lumir.co.kr/","https://lumir.co.kr/product/search.html?keyword=C","1","ë£¨ë¯¸ë¥´R í…Œì´ë¸” ë¨í”„ ìœ ë¦¬ ìœ ê´‘","220,000ì›","","https://lumir.co.kr/product/detail.html?product_no=74&cate_no=42&display_group=1","https://lumir.co.kr/web/product/tiny/202507/4f73176afd1e2a0fc1d210cc899106a7.jpg","ë¬´ë“œë¨í”„"
"ë£¨ë¯¸ë¥´","LUMIR C ë¬´ë“œ ë¨í”„","ë¬´ë“œë¨í”„","C","true","https://lumir.co.kr/","https://lumir.co.kr/product/search.html?keyword=C","2","ë£¨ë¯¸ë¥´R í…Œì´ë¸” ë¨í”„ ìœ ë¦¬ ë¬´ê´‘","220,000ì›","","https://lumir.co.kr/product/detail.html?product_no=73&cate_no=42&display_group=1","https://lumir.co.kr/web/product/tiny/202507/651c7b9cc58239efe32ed873c24769c7.jpg","ë¬´ë“œë¨í”„"
"ë£¨ë¯¸ë¥´","LUMIR C ë¬´ë“œ ë¨í”„","ë¬´ë“œë¨í”„","C","true","https://lumir.co.kr/","https://lumir.co.kr/product/search.html?keyword=C","3","ë£¨ë¯¸ë¥´R í…Œì´ë¸” ë¨í”„ ìŠ¤í‹¸ í™”ì´íŠ¸","180,000ì›","","https://lumir.co.kr/product/detail.html?product_no=71&cate_no=42&display_group=1","https://lumir.co.kr/web/product/tiny/202507/18c75738031039a93941d637b405b5da.jpg","ë¬´ë“œë¨í”„"
"ë£¨ë¯¸ë¥´","LUMIR C ë¬´ë“œ ë¨í”„","ë¬´ë“œë¨í”„","C","true","https://lumir.co.kr/","https://lumir.co.kr/product/search.html?keyword=C","4","í•¸ë””ì¦ˆ_ë£¨ë¯¸ë¥´ PCB","8,800ì›","","https://lumir.co.kr/product/detail.html?product_no=148&cate_no=79&display_group=1","https://lumir.co.kr/web/product/tiny/lumir12_1.gif","ë¬´ë“œë¨í”„"
"ì¼ê´‘ì „êµ¬","ìŠ¤ë…¸ìš°ë§¨ í…Œì´ë¸”ë¨í”„","í…Œì´ë¸”ë¨í”„","Table","true","https://ilkwdesign.com","https://brand.naver.com/iklamp/search?q=%ED%85%8C%EC%9D%B4%EB%B8%94%EB%9E%A8%ED%94%84","1","SNOWMAN15 Portable 3Colors","110,000ì›","","https://brand.naver.com/iklamp/products/9524394752","https://shop-phinf.pstatic.net/20241018_56/1729242591921prvSI_JPEG/63375527071619487_1485717945.jpg?type=f750_750","í…Œì´ë¸”ë¨í”„"
"ì¼ê´‘ì „êµ¬","ìŠ¤ë…¸ìš°ë§¨ í…Œì´ë¸”ë¨í”„","í…Œì´ë¸”ë¨í”„","Table","true","https://ilkwdesign.com","https://brand.naver.com/iklamp/search?q=%ED%85%8C%EC%9D%B4%EB%B8%94%EB%9E%A8%ED%94%84","2","SNOWMAN8 Portable 4Colors","40,000ì›","3,300ì›","https://brand.naver.com/iklamp/products/11202568021","https://shop-phinf.pstatic.net/20241213_212/17340855095460QarN_JPEG/13481304651478420_551003286.jpg?type=f750_750","í…Œì´ë¸”ë¨í”„"
"ì¼ê´‘ì „êµ¬","ìŠ¤ë…¸ìš°ë§¨ í…Œì´ë¸”ë¨í”„","í…Œì´ë¸”ë¨í”„","Table","true","https://ilkwdesign.com","https://brand.naver.com/iklamp/search?q=%ED%85%8C%EC%9D%B4%EB%B8%94%EB%9E%A8%ED%94%84","3","SNOWMAN8 Portable WARMGREY TAIL Edition","49,000ì›","3,300ì›","https://brand.naver.com/iklamp/products/12746979038","https://shop-phinf.pstatic.net/20251205_290/1764925706236JBMlr_JPEG/11064279927227909_1688313571.jpg?type=f80_80","í…Œì´ë¸”ë¨í”„"
"ì¼ê´‘ì „êµ¬","ìŠ¤ë…¸ìš°ë§¨ í…Œì´ë¸”ë¨í”„","í…Œì´ë¸”ë¨í”„","Table","true","https://ilkwdesign.com","https://brand.naver.com/iklamp/search?q=%ED%85%8C%EC%9D%B4%EB%B8%94%EB%9E%A8%ED%94%84","4","SNOWMAN22 V2 Table 3Colors","250,000ì›","","https://brand.naver.com/iklamp/products/10026549478","https://shop-phinf.pstatic.net/20240227_205/1708995542389ATbbv_JPEG/110131326100684139_1760898470.jpg?type=f750_750","Table"
"ì¼ê´‘ì „êµ¬","ìŠ¤ë…¸ìš°ë§¨ í…Œì´ë¸”ë¨í”„","í…Œì´ë¸”ë¨í”„","Table","true","https://ilkwdesign.com","https://brand.naver.com/iklamp/search?q=%ED%85%8C%EC%9D%B4%EB%B8%94%EB%9E%A8%ED%94%84","5","SNOWMAN22 V2 SOLID Table 3Colors","250,000ì›","","https://brand.naver.com/iklamp/products/10026574490","https://shop-phinf.pstatic.net/20240227_1/1708995663088sFhcE_JPEG/110131551797517693_1879417475.jpg?type=f750_750","Table"
"ì­ìŠ¨ì¹´ë©œë ˆì˜¨","í˜ë¸” ëª¨ë“ˆ ì†ŒíŒŒ","ëª¨ë“ˆì†ŒíŒŒ","Pebble","true","https://jacksonchameleon.co.kr/","https://jacksonchameleon.co.kr/product/search.html?keyword=Pebble","1","Pebble Module - Fabric","300,000ì›","","https://jacksonchameleon.co.kr/product/list.html?cate_no=166","","ëª¨ë“ˆì†ŒíŒŒ"
"ì­ìŠ¨ì¹´ë©œë ˆì˜¨","í˜ë¸” ëª¨ë“ˆ ì†ŒíŒŒ","ëª¨ë“ˆì†ŒíŒŒ","Pebble","true","https://jacksonchameleon.co.kr/","https://jacksonchameleon.co.kr/product/search.html?keyword=Pebble","2","Pebble Module - Leather","650,000ì›","","https://jacksonchameleon.co.kr/product/list.html?cate_no=166","","ëª¨ë“ˆì†ŒíŒŒ"
"ì­ìŠ¨ì¹´ë©œë ˆì˜¨","í˜ë¸” ëª¨ë“ˆ ì†ŒíŒŒ","ëª¨ë“ˆì†ŒíŒŒ","Pebble","true","https://jacksonchameleon.co.kr/","https://jacksonchameleon.co.kr/product/search.html?keyword=Pebble","3","Pebble Sofa - Fabric","1,460,000ì›","","https://jacksonchameleon.co.kr/product/list.html?cate_no=166","","ëª¨ë“ˆì†ŒíŒŒ"
"ì­ìŠ¨ì¹´ë©œë ˆì˜¨","í˜ë¸” ëª¨ë“ˆ ì†ŒíŒŒ","ëª¨ë“ˆì†ŒíŒŒ","Pebble","true","https://jacksonchameleon.co.kr/","https://jacksonchameleon.co.kr/product/search.html?keyword=Pebble","4","Pebble Sofa - Leather","3,110,000ì›","","https://jacksonchameleon.co.kr/product/list.html?cate_no=166","","ëª¨ë“ˆì†ŒíŒŒ"
"ì­ìŠ¨ì¹´ë©œë ˆì˜¨","í˜ë¸” ëª¨ë“ˆ ì†ŒíŒŒ","ëª¨ë“ˆì†ŒíŒŒ","Pebble","true","https://jacksonchameleon.co.kr/","https://jacksonchameleon.co.kr/product/search.html?keyword=Pebble","5","Pebble Cushion - Leather","209,000ì›","","https://jacksonchameleon.co.kr/product/list.html?cate_no=313","","ëª¨ë“ˆì†ŒíŒŒ"
"ë ˆì–´ë¡œìš°","ìŠ¤í‹¸ ëª¨ë“ˆ ìºë¹„ë‹›","ìºë¹„ë‹›","Cabinet","true","https://rareraw.com","https://rareraw.com/product/search.html?keyword=%EC%BA%90%EB%B9%84%EB%8B%9B","1","í¬ê·¸ ìºë¹„ë‹› í•˜ì´ 1ë„ì–´","935,000ì›","748,000ì›","https://rareraw.com/product/list.html?cate_no=401","","ìºë¹„ë‹›"
"ë ˆì–´ë¡œìš°","ìŠ¤í‹¸ ëª¨ë“ˆ ìºë¹„ë‹›","ìºë¹„ë‹›","Cabinet","true","https://rareraw.com","https://rareraw.com/product/search.html?keyword=%EC%BA%90%EB%B9%84%EB%8B%9B","2","í¬ê·¸ ìºë¹„ë‹› í•˜ì´ 2ë„ì–´","1,320,000ì›","1,056,000ì›","https://rareraw.com/product/list.html?cate_no=401","","ìºë¹„ë‹›"
"ë ˆì–´ë¡œìš°","ìŠ¤í‹¸ ëª¨ë“ˆ ìºë¹„ë‹›","ìºë¹„ë‹›","Cabinet","true","https://rareraw.com","https://rareraw.com/product/search.html?keyword=%EC%BA%90%EB%B9%84%EB%8B%9B","3","í¬ê·¸ ìºë¹„ë‹› ë¡œìš° 1ë„ì–´","550,000ì›","440,000ì›","https://rareraw.com/product/list.html?cate_no=401","","ìºë¹„ë‹›"
"ë ˆì–´ë¡œìš°","ìŠ¤í‹¸ ëª¨ë“ˆ ìºë¹„ë‹›","ìºë¹„ë‹›","Cabinet","true","https://rareraw.com","https://rareraw.com/product/search.html?keyword=%EC%BA%90%EB%B9%84%EB%8B%9B","4","í¬ê·¸ ìºë¹„ë‹› ë¡œìš° 2ë„ì–´","990,000ì›","792,000ì›","https://rareraw.com/product/list.html?cate_no=401","","ìºë¹„ë‹›"
"ë ˆì–´ë¡œìš°","ìŠ¤í‹¸ ëª¨ë“ˆ ìºë¹„ë‹›","ìºë¹„ë‹›","Cabinet","true","https://rareraw.com","https://rareraw.com/product/search.html?keyword=%EC%BA%90%EB%B9%84%EB%8B%9B","5","ì‹œìŠ¤í…œ000 ìœ ë¦¬ë„ì–´ ìºë¹„ë‹›","570,000ì›","","https://rareraw.com/product/list.html?cate_no=251","","ìºë¹„ë‹›"
